frame,timestamp
0,2014-09-08T04:00:00.033Z
1,2014-09-08T04:00:00.066Z
2,2014-09-08T04:00:00.099Z
3,2014-09-08T04:00:00.132Z
4,2014-09-08T04:00:00.165Z
5,2014-09-08T04:00:00.198Z
6,2014-09-08T04:00:00.231Z
7,2014-09-08T04:00:00.264Z
8,2014-09-08T04:00:00.297Z
9,2014-09-08T04:00:00.330Z
10,2014-09-08T04:00:00.363Z
11,2014-09-08T04:00:00.396Z
12,2014-09-08T04:00:00.429Z
13,2014-09-08T04:00:00.462Z
14,2014-09-08T04:00:00.495Z
15,2014-09-08T04:00:00.528Z
16,2014-09-08T04:00:00.561Z
17,2014-09-08T04:00:00.594Z
18,2014-09-08T04:00:00.627Z
19,2014-09-08T04:00:00.660Z
20,2014-09-08T04:00:00.693Z
21,2014-09-08T04:00:00.726Z
22,2014-09-08T04:00:00.759Z
23,2014-09-08T04:00:00.792Z
24,2014-09-08T04:00:00.825Z
25,2014-09-08T04:00:00.858Z
26,2014-09-08T04:00:00.891Z
27,2014-09-08T04:00:00.924Z
28,2014-09-08T04:00:00.957Z
29,2014-09-08T04:00:00.990Z
30,2014-09-08T04:00:01.023Z
31,2014-09-08T04:00:01.056Z
32,2014-09-08T04:00:01.089Z
33,2014-09-08T04:00:01.122Z
34,2014-09-08T04:00:01.155Z
35,2014-09-08T04:00:01.188Z
36,2014-09-08T04:00:01.221Z
37,2014-09-08T04:00:01.254Z
38,2014-09-08T04:00:01.287Z
39,2014-09-08T04:00:01.320Z
40,2014-09-08T04:00:01.353Z
41,2014-09-08T04:00:01.386Z
42,2014-09-08T04:00:01.419Z
43,2014-09-08T04:00:01.452Z
44,2014-09-08T04:00:01.485Z
45,2014-09-08T04:00:01.518Z
46,2014-09-08T04:00:01.551Z
47,2014-09-08T04:00:01.584Z
48,2014-09-08T04:00:01.617Z
49,2014-09-08T04:00:01.650Z
50,2014-09-08T04:00:01.683Z
51,2014-09-08T04:00:01.716Z
52,2014-09-08T04:00:01.749Z
53,2014-09-08T04:00:01.782Z
54,2014-09-08T04:00:01.815Z
55,2014-09-08T04:00:01.848Z
56,2014-09-08T04:00:01.881Z
57,2014-09-08T04:00:01.914Z
58,2014-09-08T04:00:01.947Z
59,2014-09-08T04:00:01.980Z
60,2014-09-08T04:00:02.013Z
61,2014-09-08T04:00:02.046Z
62,2014-09-08T04:00:02.079Z
63,2014-09-08T04:00:02.112Z
64,2014-09-08T04:00:02.145Z
65,2014-09-08T04:00:02.178Z
66,2014-09-08T04:00:02.211Z
67,2014-09-08T04:00:02.244Z
68,2014-09-08T04:00:02.277Z
69,2014-09-08T04:00:02.310Z
70,2014-09-08T04:00:02.343Z
71,2014-09-08T04:00:02.376Z
72,2014-09-08T04:00:02.409Z
73,2014-09-08T04:00:02.442Z
74,2014-09-08T04:00:02.475Z
75,2014-09-08T04:00:02.508Z
76,2014-09-08T04:00:02.541Z
77,2014-09-08T04:00:02.574Z
78,2014-09-08T04:00:02.607Z
79,2014-09-08T04:00:02.640Z
80,2014-09-08T04:00:02.673Z
81,2014-09-08T04:00:02.706Z
82,2014-09-08T04:00:02.739Z
83,2014-09-08T04:00:02.772Z
84,2014-09-08T04:00:02.805Z
85,2014-09-08T04:00:02.838Z
86,2014-09-08T04:00:02.871Z
87,2014-09-08T04:00:02.904Z
88,2014-09-08T04:00:02.937Z
89,2014-09-08T04:00:02.970Z
90,2014-09-08T04:00:03.003Z
91,2014-09-08T04:00:03.036Z
92,2014-09-08T04:00:03.069Z
93,2014-09-08T04:00:03.102Z
94,2014-09-08T04:00:03.135Z
95,2014-09-08T04:00:03.168Z
96,2014-09-08T04:00:03.201Z
97,2014-09-08T04:00:03.234Z
98,2014-09-08T04:00:03.267Z
99,2014-09-08T04:00:03.300Z
100,2014-09-08T04:00:03.333Z
101,2014-09-08T04:00:03.366Z
102,2014-09-08T04:00:03.399Z
103,2014-09-08T04:00:03.432Z
104,2014-09-08T04:00:03.465Z
105,2014-09-08T04:00:03.498Z
106,2014-09-08T04:00:03.531Z
107,2014-09-08T04:00:03.564Z
108,2014-09-08T04:00:03.597Z
109,2014-09-08T04:00:03.630Z
110,2014-09-08T04:00:03.663Z
111,2014-09-08T04:00:03.696Z
112,2014-09-08T04:00:03.729Z
113,2014-09-08T04:00:03.762Z
114,2014-09-08T04:00:03.795Z
115,2014-09-08T04:00:03.828Z
116,2014-09-08T04:00:03.861Z
117,2014-09-08T04:00:03.894Z
118,2014-09-08T04:00:03.927Z
119,2014-09-08T04:00:03.960Z
120,2014-09-08T04:00:03.993Z
121,2014-09-08T04:00:04.026Z
122,2014-09-08T04:00:04.059Z
123,2014-09-08T04:00:04.092Z
124,2014-09-08T04:00:04.125Z
125,2014-09-08T04:00:04.158Z
126,2014-09-08T04:00:04.191Z
127,2014-09-08T04:00:04.224Z
128,2014-09-08T04:00:04.257Z
129,2014-09-08T04:00:04.290Z
130,2014-09-08T04:00:04.323Z
131,2014-09-08T04:00:04.356Z
132,2014-09-08T04:00:04.389Z
133,2014-09-08T04:00:04.422Z
134,2014-09-08T04:00:04.455Z
135,2014-09-08T04:00:04.488Z
136,2014-09-08T04:00:04.521Z
137,2014-09-08T04:00:04.554Z
138,2014-09-08T04:00:04.587Z
139,2014-09-08T04:00:04.620Z
140,2014-09-08T04:00:04.653Z
141,2014-09-08T04:00:04.686Z
142,2014-09-08T04:00:04.719Z
143,2014-09-08T04:00:04.752Z
144,2014-09-08T04:00:04.785Z
145,2014-09-08T04:00:04.818Z
146,2014-09-08T04:00:04.851Z
147,2014-09-08T04:00:04.884Z
148,2014-09-08T04:00:04.917Z
149,2014-09-08T04:00:04.950Z
150,2014-09-08T04:00:04.983Z
151,2014-09-08T04:00:05.016Z
152,2014-09-08T04:00:05.049Z
153,2014-09-08T04:00:05.082Z
154,2014-09-08T04:00:05.115Z
155,2014-09-08T04:00:05.148Z
156,2014-09-08T04:00:05.181Z
157,2014-09-08T04:00:05.214Z
158,2014-09-08T04:00:05.247Z
159,2014-09-08T04:00:05.280Z
160,2014-09-08T04:00:05.313Z
161,2014-09-08T04:00:05.346Z
162,2014-09-08T04:00:05.379Z
163,2014-09-08T04:00:05.412Z
164,2014-09-08T04:00:05.445Z
165,2014-09-08T04:00:05.478Z
166,2014-09-08T04:00:05.511Z
167,2014-09-08T04:00:05.544Z
168,2014-09-08T04:00:05.577Z
169,2014-09-08T04:00:05.610Z
170,2014-09-08T04:00:05.643Z
171,2014-09-08T04:00:05.676Z
172,2014-09-08T04:00:05.709Z
173,2014-09-08T04:00:05.742Z
174,2014-09-08T04:00:05.775Z
175,2014-09-08T04:00:05.808Z
176,2014-09-08T04:00:05.841Z
177,2014-09-08T04:00:05.874Z
178,2014-09-08T04:00:05.907Z
179,2014-09-08T04:00:05.940Z
180,2014-09-08T04:00:05.973Z
181,2014-09-08T04:00:06.006Z
182,2014-09-08T04:00:06.039Z
183,2014-09-08T04:00:06.072Z
184,2014-09-08T04:00:06.105Z
185,2014-09-08T04:00:06.138Z
186,2014-09-08T04:00:06.171Z
187,2014-09-08T04:00:06.204Z
188,2014-09-08T04:00:06.237Z
189,2014-09-08T04:00:06.270Z
190,2014-09-08T04:00:06.303Z
191,2014-09-08T04:00:06.336Z
192,2014-09-08T04:00:06.369Z
193,2014-09-08T04:00:06.402Z
194,2014-09-08T04:00:06.435Z
195,2014-09-08T04:00:06.468Z
196,2014-09-08T04:00:06.501Z
197,2014-09-08T04:00:06.534Z
198,2014-09-08T04:00:06.567Z
199,2014-09-08T04:00:06.600Z
200,2014-09-08T04:00:06.633Z
201,2014-09-08T04:00:06.666Z
202,2014-09-08T04:00:06.699Z
203,2014-09-08T04:00:06.732Z
204,2014-09-08T04:00:06.765Z
205,2014-09-08T04:00:06.798Z
206,2014-09-08T04:00:06.831Z
207,2014-09-08T04:00:06.864Z
208,2014-09-08T04:00:06.897Z
209,2014-09-08T04:00:06.930Z
210,2014-09-08T04:00:06.963Z
211,2014-09-08T04:00:06.996Z
212,2014-09-08T04:00:07.029Z
213,2014-09-08T04:00:07.062Z
214,2014-09-08T04:00:07.095Z
215,2014-09-08T04:00:07.128Z
216,2014-09-08T04:00:07.161Z
217,2014-09-08T04:00:07.194Z
218,2014-09-08T04:00:07.227Z
219,2014-09-08T04:00:07.260Z
220,2014-09-08T04:00:07.293Z
221,2014-09-08T04:00:07.326Z
222,2014-09-08T04:00:07.359Z
223,2014-09-08T04:00:07.392Z
224,2014-09-08T04:00:07.425Z
225,2014-09-08T04:00:07.458Z
226,2014-09-08T04:00:07.491Z
227,2014-09-08T04:00:07.524Z
228,2014-09-08T04:00:07.557Z
229,2014-09-08T04:00:07.590Z
230,2014-09-08T04:00:07.623Z
231,2014-09-08T04:00:07.656Z
232,2014-09-08T04:00:07.689Z
233,2014-09-08T04:00:07.722Z
234,2014-09-08T04:00:07.755Z
235,2014-09-08T04:00:07.788Z
236,2014-09-08T04:00:07.821Z
237,2014-09-08T04:00:07.854Z
238,2014-09-08T04:00:07.887Z
239,2014-09-08T04:00:07.920Z
240,2014-09-08T04:00:07.953Z
241,2014-09-08T04:00:07.986Z
242,2014-09-08T04:00:08.019Z
243,2014-09-08T04:00:08.052Z
244,2014-09-08T04:00:08.085Z
245,2014-09-08T04:00:08.118Z
246,2014-09-08T04:00:08.151Z
247,2014-09-08T04:00:08.184Z
248,2014-09-08T04:00:08.217Z
249,2014-09-08T04:00:08.250Z
250,2014-09-08T04:00:08.283Z
251,2014-09-08T04:00:08.316Z
252,2014-09-08T04:00:08.349Z
253,2014-09-08T04:00:08.382Z
254,2014-09-08T04:00:08.415Z
255,2014-09-08T04:00:08.448Z
256,2014-09-08T04:00:08.481Z
257,2014-09-08T04:00:08.514Z
258,2014-09-08T04:00:08.547Z
259,2014-09-08T04:00:08.580Z
260,2014-09-08T04:00:08.613Z
261,2014-09-08T04:00:08.646Z
262,2014-09-08T04:00:08.679Z
263,2014-09-08T04:00:08.712Z
264,2014-09-08T04:00:08.745Z
265,2014-09-08T04:00:08.778Z
266,2014-09-08T04:00:08.811Z
267,2014-09-08T04:00:08.844Z
268,2014-09-08T04:00:08.877Z
269,2014-09-08T04:00:08.910Z
270,2014-09-08T04:00:08.943Z
271,2014-09-08T04:00:08.976Z
272,2014-09-08T04:00:09.009Z
273,2014-09-08T04:00:09.042Z
274,2014-09-08T04:00:09.075Z
275,2014-09-08T04:00:09.108Z
276,2014-09-08T04:00:09.141Z
277,2014-09-08T04:00:09.174Z
278,2014-09-08T04:00:09.207Z
279,2014-09-08T04:00:09.240Z
280,2014-09-08T04:00:09.273Z
281,2014-09-08T04:00:09.306Z
282,2014-09-08T04:00:09.339Z
283,2014-09-08T04:00:09.372Z
284,2014-09-08T04:00:09.405Z
285,2014-09-08T04:00:09.438Z
286,2014-09-08T04:00:09.471Z
287,2014-09-08T04:00:09.504Z
288,2014-09-08T04:00:09.537Z
289,2014-09-08T04:00:09.570Z
290,2014-09-08T04:00:09.603Z
291,2014-09-08T04:00:09.636Z
292,2014-09-08T04:00:09.669Z
293,2014-09-08T04:00:09.702Z
294,2014-09-08T04:00:09.735Z
295,2014-09-08T04:00:09.768Z
296,2014-09-08T04:00:09.801Z
297,2014-09-08T04:00:09.834Z
298,2014-09-08T04:00:09.867Z
299,2014-09-08T04:00:09.900Z
300,2014-09-08T04:00:09.933Z
301,2014-09-08T04:00:09.966Z
302,2014-09-08T04:00:09.999Z
303,2014-09-08T04:00:10.032Z
304,2014-09-08T04:00:10.065Z
305,2014-09-08T04:00:10.098Z
306,2014-09-08T04:00:10.131Z
307,2014-09-08T04:00:10.164Z
308,2014-09-08T04:00:10.197Z
309,2014-09-08T04:00:10.230Z
310,2014-09-08T04:00:10.263Z
311,2014-09-08T04:00:10.296Z
312,2014-09-08T04:00:10.329Z
313,2014-09-08T04:00:10.362Z
314,2014-09-08T04:00:10.395Z
315,2014-09-08T04:00:10.428Z
316,2014-09-08T04:00:10.461Z
317,2014-09-08T04:00:10.494Z
318,2014-09-08T04:00:10.527Z
319,2014-09-08T04:00:10.560Z
320,2014-09-08T04:00:10.593Z
321,2014-09-08T04:00:10.626Z
322,2014-09-08T04:00:10.659Z
323,2014-09-08T04:00:10.692Z
324,2014-09-08T04:00:10.725Z
325,2014-09-08T04:00:10.758Z
326,2014-09-08T04:00:10.791Z
327,2014-09-08T04:00:10.824Z
328,2014-09-08T04:00:10.857Z
329,2014-09-08T04:00:10.890Z
330,2014-09-08T04:00:10.923Z
331,2014-09-08T04:00:10.956Z
332,2014-09-08T04:00:10.989Z
333,2014-09-08T04:00:11.022Z
334,2014-09-08T04:00:11.055Z
335,2014-09-08T04:00:11.088Z
336,2014-09-08T04:00:11.121Z
337,2014-09-08T04:00:11.154Z
338,2014-09-08T04:00:11.187Z
339,2014-09-08T04:00:11.220Z
340,2014-09-08T04:00:11.253Z
341,2014-09-08T04:00:11.286Z
342,2014-09-08T04:00:11.319Z
343,2014-09-08T04:00:11.352Z
344,2014-09-08T04:00:11.385Z
345,2014-09-08T04:00:11.418Z
346,2014-09-08T04:00:11.451Z
347,2014-09-08T04:00:11.484Z
348,2014-09-08T04:00:11.517Z
349,2014-09-08T04:00:11.550Z
350,2014-09-08T04:00:11.583Z
351,2014-09-08T04:00:11.616Z
352,2014-09-08T04:00:11.649Z
353,2014-09-08T04:00:11.682Z
354,2014-09-08T04:00:11.715Z
355,2014-09-08T04:00:11.748Z
356,2014-09-08T04:00:11.781Z
357,2014-09-08T04:00:11.814Z
358,2014-09-08T04:00:11.847Z
359,2014-09-08T04:00:11.880Z
360,2014-09-08T04:00:11.913Z
361,2014-09-08T04:00:11.946Z
362,2014-09-08T04:00:11.979Z
363,2014-09-08T04:00:12.012Z
364,2014-09-08T04:00:12.045Z
365,2014-09-08T04:00:12.078Z
366,2014-09-08T04:00:12.111Z
367,2014-09-08T04:00:12.144Z
368,2014-09-08T04:00:12.177Z
369,2014-09-08T04:00:12.210Z
370,2014-09-08T04:00:12.243Z
371,2014-09-08T04:00:12.276Z
372,2014-09-08T04:00:12.309Z
373,2014-09-08T04:00:12.342Z
374,2014-09-08T04:00:12.375Z
375,2014-09-08T04:00:12.408Z
376,2014-09-08T04:00:12.441Z
377,2014-09-08T04:00:12.474Z
378,2014-09-08T04:00:12.507Z
379,2014-09-08T04:00:12.540Z
380,2014-09-08T04:00:12.573Z
381,2014-09-08T04:00:12.606Z
382,2014-09-08T04:00:12.639Z
383,2014-09-08T04:00:12.672Z
384,2014-09-08T04:00:12.705Z
385,2014-09-08T04:00:12.738Z
386,2014-09-08T04:00:12.771Z
387,2014-09-08T04:00:12.804Z
388,2014-09-08T04:00:12.837Z
389,2014-09-08T04:00:12.870Z
390,2014-09-08T04:00:12.903Z
391,2014-09-08T04:00:12.936Z
392,2014-09-08T04:00:12.969Z
393,2014-09-08T04:00:13.002Z
394,2014-09-08T04:00:13.035Z
395,2014-09-08T04:00:13.068Z
396,2014-09-08T04:00:13.101Z
397,2014-09-08T04:00:13.134Z
398,2014-09-08T04:00:13.167Z
399,2014-09-08T04:00:13.200Z
400,2014-09-08T04:00:13.233Z
401,2014-09-08T04:00:13.266Z
402,2014-09-08T04:00:13.299Z
403,2014-09-08T04:00:13.332Z
404,2014-09-08T04:00:13.365Z
405,2014-09-08T04:00:13.398Z
406,2014-09-08T04:00:13.431Z
407,2014-09-08T04:00:13.464Z
408,2014-09-08T04:00:13.497Z
409,2014-09-08T04:00:13.530Z
410,2014-09-08T04:00:13.563Z
411,2014-09-08T04:00:13.596Z
412,2014-09-08T04:00:13.629Z
413,2014-09-08T04:00:13.662Z
414,2014-09-08T04:00:13.695Z
415,2014-09-08T04:00:13.728Z
416,2014-09-08T04:00:13.761Z
417,2014-09-08T04:00:13.794Z
418,2014-09-08T04:00:13.827Z
419,2014-09-08T04:00:13.860Z
420,2014-09-08T04:00:13.893Z
421,2014-09-08T04:00:13.926Z
422,2014-09-08T04:00:13.959Z
423,2014-09-08T04:00:13.992Z
424,2014-09-08T04:00:14.025Z
425,2014-09-08T04:00:14.058Z
426,2014-09-08T04:00:14.091Z
427,2014-09-08T04:00:14.124Z
428,2014-09-08T04:00:14.157Z
429,2014-09-08T04:00:14.190Z
430,2014-09-08T04:00:14.223Z
431,2014-09-08T04:00:14.256Z
432,2014-09-08T04:00:14.289Z
433,2014-09-08T04:00:14.322Z
434,2014-09-08T04:00:14.355Z
435,2014-09-08T04:00:14.388Z
436,2014-09-08T04:00:14.421Z
437,2014-09-08T04:00:14.454Z
438,2014-09-08T04:00:14.487Z
439,2014-09-08T04:00:14.520Z
440,2014-09-08T04:00:14.553Z
441,2014-09-08T04:00:14.586Z
442,2014-09-08T04:00:14.619Z
443,2014-09-08T04:00:14.652Z
444,2014-09-08T04:00:14.685Z
445,2014-09-08T04:00:14.718Z
446,2014-09-08T04:00:14.751Z
447,2014-09-08T04:00:14.784Z
448,2014-09-08T04:00:14.817Z
449,2014-09-08T04:00:14.850Z
450,2014-09-08T04:00:14.883Z
451,2014-09-08T04:00:14.916Z
452,2014-09-08T04:00:14.949Z
453,2014-09-08T04:00:14.982Z
454,2014-09-08T04:00:15.015Z
455,2014-09-08T04:00:15.048Z
456,2014-09-08T04:00:15.081Z
457,2014-09-08T04:00:15.114Z
458,2014-09-08T04:00:15.147Z
459,2014-09-08T04:00:15.180Z
460,2014-09-08T04:00:15.213Z
461,2014-09-08T04:00:15.246Z
462,2014-09-08T04:00:15.279Z
463,2014-09-08T04:00:15.312Z
464,2014-09-08T04:00:15.345Z
465,2014-09-08T04:00:15.378Z
466,2014-09-08T04:00:15.411Z
467,2014-09-08T04:00:15.444Z
468,2014-09-08T04:00:15.477Z
469,2014-09-08T04:00:15.510Z
470,2014-09-08T04:00:15.543Z
471,2014-09-08T04:00:15.576Z
472,2014-09-08T04:00:15.609Z
473,2014-09-08T04:00:15.642Z
474,2014-09-08T04:00:15.675Z
475,2014-09-08T04:00:15.708Z
476,2014-09-08T04:00:15.741Z
477,2014-09-08T04:00:15.774Z
478,2014-09-08T04:00:15.807Z
479,2014-09-08T04:00:15.840Z
480,2014-09-08T04:00:15.873Z
481,2014-09-08T04:00:15.906Z
482,2014-09-08T04:00:15.939Z
483,2014-09-08T04:00:15.972Z
484,2014-09-08T04:00:16.005Z
485,2014-09-08T04:00:16.038Z
486,2014-09-08T04:00:16.071Z
487,2014-09-08T04:00:16.104Z
488,2014-09-08T04:00:16.137Z
489,2014-09-08T04:00:16.170Z
490,2014-09-08T04:00:16.203Z
491,2014-09-08T04:00:16.236Z
492,2014-09-08T04:00:16.269Z
493,2014-09-08T04:00:16.302Z
494,2014-09-08T04:00:16.335Z
495,2014-09-08T04:00:16.368Z
496,2014-09-08T04:00:16.401Z
497,2014-09-08T04:00:16.434Z
498,2014-09-08T04:00:16.467Z
499,2014-09-08T04:00:16.500Z
500,2014-09-08T04:00:16.533Z
501,2014-09-08T04:00:16.566Z
502,2014-09-08T04:00:16.599Z
503,2014-09-08T04:00:16.632Z
504,2014-09-08T04:00:16.665Z
505,2014-09-08T04:00:16.698Z
506,2014-09-08T04:00:16.731Z
507,2014-09-08T04:00:16.764Z
508,2014-09-08T04:00:16.797Z
509,2014-09-08T04:00:16.830Z
510,2014-09-08T04:00:16.863Z
511,2014-09-08T04:00:16.896Z
512,2014-09-08T04:00:16.929Z
513,2014-09-08T04:00:16.962Z
514,2014-09-08T04:00:16.995Z
515,2014-09-08T04:00:17.028Z
516,2014-09-08T04:00:17.061Z
517,2014-09-08T04:00:17.094Z
518,2014-09-08T04:00:17.127Z
519,2014-09-08T04:00:17.160Z
520,2014-09-08T04:00:17.193Z
521,2014-09-08T04:00:17.226Z
522,2014-09-08T04:00:17.259Z
523,2014-09-08T04:00:17.292Z
524,2014-09-08T04:00:17.325Z
525,2014-09-08T04:00:17.358Z
526,2014-09-08T04:00:17.391Z
527,2014-09-08T04:00:17.424Z
528,2014-09-08T04:00:17.457Z
529,2014-09-08T04:00:17.490Z
530,2014-09-08T04:00:17.523Z
531,2014-09-08T04:00:17.556Z
532,2014-09-08T04:00:17.589Z
533,2014-09-08T04:00:17.622Z
534,2014-09-08T04:00:17.655Z
535,2014-09-08T04:00:17.688Z
536,2014-09-08T04:00:17.721Z
537,2014-09-08T04:00:17.754Z
538,2014-09-08T04:00:17.787Z
539,2014-09-08T04:00:17.820Z
540,2014-09-08T04:00:17.853Z
541,2014-09-08T04:00:17.886Z
542,2014-09-08T04:00:17.919Z
543,2014-09-08T04:00:17.952Z
544,2014-09-08T04:00:17.985Z
545,2014-09-08T04:00:18.018Z
546,2014-09-08T04:00:18.051Z
547,2014-09-08T04:00:18.084Z
548,2014-09-08T04:00:18.117Z
549,2014-09-08T04:00:18.150Z
550,2014-09-08T04:00:18.183Z
551,2014-09-08T04:00:18.216Z
552,2014-09-08T04:00:18.249Z
553,2014-09-08T04:00:18.282Z
554,2014-09-08T04:00:18.315Z
555,2014-09-08T04:00:18.348Z
556,2014-09-08T04:00:18.381Z
557,2014-09-08T04:00:18.414Z
558,2014-09-08T04:00:18.447Z
559,2014-09-08T04:00:18.480Z
560,2014-09-08T04:00:18.513Z
561,2014-09-08T04:00:18.546Z
562,2014-09-08T04:00:18.579Z
563,2014-09-08T04:00:18.612Z
564,2014-09-08T04:00:18.645Z
565,2014-09-08T04:00:18.678Z
566,2014-09-08T04:00:18.711Z
567,2014-09-08T04:00:18.744Z
568,2014-09-08T04:00:18.777Z
569,2014-09-08T04:00:18.810Z
570,2014-09-08T04:00:18.843Z
571,2014-09-08T04:00:18.876Z
572,2014-09-08T04:00:18.909Z
573,2014-09-08T04:00:18.942Z
574,2014-09-08T04:00:18.975Z
575,2014-09-08T04:00:19.008Z
576,2014-09-08T04:00:19.041Z
577,2014-09-08T04:00:19.074Z
578,2014-09-08T04:00:19.107Z
579,2014-09-08T04:00:19.140Z
580,2014-09-08T04:00:19.173Z
581,2014-09-08T04:00:19.206Z
582,2014-09-08T04:00:19.239Z
583,2014-09-08T04:00:19.272Z
584,2014-09-08T04:00:19.305Z
585,2014-09-08T04:00:19.338Z
586,2014-09-08T04:00:19.371Z
587,2014-09-08T04:00:19.404Z
588,2014-09-08T04:00:19.437Z
589,2014-09-08T04:00:19.470Z
590,2014-09-08T04:00:19.503Z
591,2014-09-08T04:00:19.536Z
592,2014-09-08T04:00:19.569Z
593,2014-09-08T04:00:19.602Z
594,2014-09-08T04:00:19.635Z
595,2014-09-08T04:00:19.668Z
596,2014-09-08T04:00:19.701Z
597,2014-09-08T04:00:19.734Z
598,2014-09-08T04:00:19.767Z
599,2014-09-08T04:00:19.800Z
600,2014-09-08T04:00:19.833Z
601,2014-09-08T04:00:19.866Z
602,2014-09-08T04:00:19.899Z
603,2014-09-08T04:00:19.932Z
604,2014-09-08T04:00:19.965Z
605,2014-09-08T04:00:19.998Z
606,2014-09-08T04:00:20.031Z
607,2014-09-08T04:00:20.064Z
608,2014-09-08T04:00:20.097Z
609,2014-09-08T04:00:20.130Z
610,2014-09-08T04:00:20.163Z
611,2014-09-08T04:00:20.196Z
612,2014-09-08T04:00:20.229Z
613,2014-09-08T04:00:20.262Z
614,2014-09-08T04:00:20.295Z
615,2014-09-08T04:00:20.328Z
616,2014-09-08T04:00:20.361Z
617,2014-09-08T04:00:20.394Z
618,2014-09-08T04:00:20.427Z
619,2014-09-08T04:00:20.460Z
620,2014-09-08T04:00:20.493Z
621,2014-09-08T04:00:20.526Z
622,2014-09-08T04:00:20.559Z
623,2014-09-08T04:00:20.592Z
624,2014-09-08T04:00:20.625Z
625,2014-09-08T04:00:20.658Z
626,2014-09-08T04:00:20.691Z
627,2014-09-08T04:00:20.724Z
628,2014-09-08T04:00:20.757Z
629,2014-09-08T04:00:20.790Z
630,2014-09-08T04:00:20.823Z
631,2014-09-08T04:00:20.856Z
632,2014-09-08T04:00:20.889Z
633,2014-09-08T04:00:20.922Z
634,2014-09-08T04:00:20.955Z
635,2014-09-08T04:00:20.988Z
636,2014-09-08T04:00:21.021Z
637,2014-09-08T04:00:21.054Z
638,2014-09-08T04:00:21.087Z
639,2014-09-08T04:00:21.120Z
640,2014-09-08T04:00:21.153Z
641,2014-09-08T04:00:21.186Z
642,2014-09-08T04:00:21.219Z
643,2014-09-08T04:00:21.252Z
644,2014-09-08T04:00:21.285Z
645,2014-09-08T04:00:21.318Z
646,2014-09-08T04:00:21.351Z
647,2014-09-08T04:00:21.384Z
648,2014-09-08T04:00:21.417Z
649,2014-09-08T04:00:21.450Z
650,2014-09-08T04:00:21.483Z
651,2014-09-08T04:00:21.516Z
652,2014-09-08T04:00:21.549Z
653,2014-09-08T04:00:21.582Z
654,2014-09-08T04:00:21.615Z
655,2014-09-08T04:00:21.648Z
656,2014-09-08T04:00:21.681Z
657,2014-09-08T04:00:21.714Z
658,2014-09-08T04:00:21.747Z
659,2014-09-08T04:00:21.780Z
660,2014-09-08T04:00:21.813Z
661,2014-09-08T04:00:21.846Z
662,2014-09-08T04:00:21.879Z
663,2014-09-08T04:00:21.912Z
664,2014-09-08T04:00:21.945Z
665,2014-09-08T04:00:21.978Z
666,2014-09-08T04:00:22.011Z
667,2014-09-08T04:00:22.044Z
668,2014-09-08T04:00:22.077Z
669,2014-09-08T04:00:22.110Z
670,2014-09-08T04:00:22.143Z
671,2014-09-08T04:00:22.176Z
672,2014-09-08T04:00:22.209Z
673,2014-09-08T04:00:22.242Z
674,2014-09-08T04:00:22.275Z
675,2014-09-08T04:00:22.308Z
676,2014-09-08T04:00:22.341Z
677,2014-09-08T04:00:22.374Z
678,2014-09-08T04:00:22.407Z
679,2014-09-08T04:00:22.440Z
680,2014-09-08T04:00:22.473Z
681,2014-09-08T04:00:22.506Z
682,2014-09-08T04:00:22.539Z
683,2014-09-08T04:00:22.572Z
684,2014-09-08T04:00:22.605Z
685,2014-09-08T04:00:22.638Z
686,2014-09-08T04:00:22.671Z
687,2014-09-08T04:00:22.704Z
688,2014-09-08T04:00:22.737Z
689,2014-09-08T04:00:22.770Z
690,2014-09-08T04:00:22.803Z
691,2014-09-08T04:00:22.836Z
692,2014-09-08T04:00:22.869Z
693,2014-09-08T04:00:22.902Z
694,2014-09-08T04:00:22.935Z
695,2014-09-08T04:00:22.968Z
696,2014-09-08T04:00:23.001Z
697,2014-09-08T04:00:23.034Z
698,2014-09-08T04:00:23.067Z
699,2014-09-08T04:00:23.100Z
700,2014-09-08T04:00:23.133Z
701,2014-09-08T04:00:23.166Z
702,2014-09-08T04:00:23.199Z
703,2014-09-08T04:00:23.232Z
704,2014-09-08T04:00:23.265Z
705,2014-09-08T04:00:23.298Z
706,2014-09-08T04:00:23.331Z
707,2014-09-08T04:00:23.364Z
708,2014-09-08T04:00:23.397Z
709,2014-09-08T04:00:23.430Z
710,2014-09-08T04:00:23.463Z
711,2014-09-08T04:00:23.496Z
712,2014-09-08T04:00:23.529Z
713,2014-09-08T04:00:23.562Z
714,2014-09-08T04:00:23.595Z
715,2014-09-08T04:00:23.628Z
716,2014-09-08T04:00:23.661Z
717,2014-09-08T04:00:23.694Z
718,2014-09-08T04:00:23.727Z
719,2014-09-08T04:00:23.760Z
720,2014-09-08T04:00:23.793Z
721,2014-09-08T04:00:23.826Z
722,2014-09-08T04:00:23.859Z
723,2014-09-08T04:00:23.892Z
724,2014-09-08T04:00:23.925Z
725,2014-09-08T04:00:23.958Z
726,2014-09-08T04:00:23.991Z
727,2014-09-08T04:00:24.024Z
728,2014-09-08T04:00:24.057Z
729,2014-09-08T04:00:24.090Z
730,2014-09-08T04:00:24.123Z
731,2014-09-08T04:00:24.156Z
732,2014-09-08T04:00:24.189Z
733,2014-09-08T04:00:24.222Z
734,2014-09-08T04:00:24.255Z
735,2014-09-08T04:00:24.288Z
736,2014-09-08T04:00:24.321Z
737,2014-09-08T04:00:24.354Z
738,2014-09-08T04:00:24.387Z
739,2014-09-08T04:00:24.420Z
740,2014-09-08T04:00:24.453Z
741,2014-09-08T04:00:24.486Z
742,2014-09-08T04:00:24.519Z
743,2014-09-08T04:00:24.552Z
744,2014-09-08T04:00:24.585Z
745,2014-09-08T04:00:24.618Z
746,2014-09-08T04:00:24.651Z
747,2014-09-08T04:00:24.684Z
748,2014-09-08T04:00:24.717Z
749,2014-09-08T04:00:24.750Z
750,2014-09-08T04:00:24.783Z
751,2014-09-08T04:00:24.816Z
752,2014-09-08T04:00:24.849Z
753,2014-09-08T04:00:24.882Z
754,2014-09-08T04:00:24.915Z
755,2014-09-08T04:00:24.948Z
756,2014-09-08T04:00:24.981Z
757,2014-09-08T04:00:25.014Z
758,2014-09-08T04:00:25.047Z
759,2014-09-08T04:00:25.080Z
760,2014-09-08T04:00:25.113Z
761,2014-09-08T04:00:25.146Z
762,2014-09-08T04:00:25.179Z
763,2014-09-08T04:00:25.212Z
764,2014-09-08T04:00:25.245Z
765,2014-09-08T04:00:25.278Z
766,2014-09-08T04:00:25.311Z
767,2014-09-08T04:00:25.344Z
768,2014-09-08T04:00:25.377Z
769,2014-09-08T04:00:25.410Z
770,2014-09-08T04:00:25.443Z
771,2014-09-08T04:00:25.476Z
772,2014-09-08T04:00:25.509Z
773,2014-09-08T04:00:25.542Z
774,2014-09-08T04:00:25.575Z
775,2014-09-08T04:00:25.608Z
776,2014-09-08T04:00:25.641Z
777,2014-09-08T04:00:25.674Z
778,2014-09-08T04:00:25.707Z
779,2014-09-08T04:00:25.740Z
780,2014-09-08T04:00:25.773Z
781,2014-09-08T04:00:25.806Z
782,2014-09-08T04:00:25.839Z
783,2014-09-08T04:00:25.872Z
784,2014-09-08T04:00:25.905Z
785,2014-09-08T04:00:25.938Z
786,2014-09-08T04:00:25.971Z
787,2014-09-08T04:00:26.004Z
788,2014-09-08T04:00:26.037Z
789,2014-09-08T04:00:26.070Z
790,2014-09-08T04:00:26.103Z
791,2014-09-08T04:00:26.136Z
792,2014-09-08T04:00:26.169Z
793,2014-09-08T04:00:26.202Z
794,2014-09-08T04:00:26.235Z
795,2014-09-08T04:00:26.268Z
796,2014-09-08T04:00:26.301Z
797,2014-09-08T04:00:26.334Z
798,2014-09-08T04:00:26.367Z
799,2014-09-08T04:00:26.400Z
800,2014-09-08T04:00:26.433Z
801,2014-09-08T04:00:26.466Z
802,2014-09-08T04:00:26.499Z
803,2014-09-08T04:00:26.532Z
804,2014-09-08T04:00:26.565Z
805,2014-09-08T04:00:26.598Z
806,2014-09-08T04:00:26.631Z
807,2014-09-08T04:00:26.664Z
808,2014-09-08T04:00:26.697Z
809,2014-09-08T04:00:26.730Z
810,2014-09-08T04:00:26.763Z
811,2014-09-08T04:00:26.796Z
812,2014-09-08T04:00:26.829Z
813,2014-09-08T04:00:26.862Z
814,2014-09-08T04:00:26.895Z
815,2014-09-08T04:00:26.928Z
816,2014-09-08T04:00:26.961Z
817,2014-09-08T04:00:26.994Z
818,2014-09-08T04:00:27.027Z
819,2014-09-08T04:00:27.060Z
820,2014-09-08T04:00:27.093Z
821,2014-09-08T04:00:27.126Z
822,2014-09-08T04:00:27.159Z
823,2014-09-08T04:00:27.192Z
824,2014-09-08T04:00:27.225Z
825,2014-09-08T04:00:27.258Z
826,2014-09-08T04:00:27.291Z
827,2014-09-08T04:00:27.324Z
828,2014-09-08T04:00:27.357Z
829,2014-09-08T04:00:27.390Z
830,2014-09-08T04:00:27.423Z
831,2014-09-08T04:00:27.456Z
832,2014-09-08T04:00:27.489Z
833,2014-09-08T04:00:27.522Z
834,2014-09-08T04:00:27.555Z
835,2014-09-08T04:00:27.588Z
836,2014-09-08T04:00:27.621Z
837,2014-09-08T04:00:27.654Z
838,2014-09-08T04:00:27.687Z
839,2014-09-08T04:00:27.720Z
840,2014-09-08T04:00:27.753Z
841,2014-09-08T04:00:27.786Z
842,2014-09-08T04:00:27.819Z
843,2014-09-08T04:00:27.852Z
844,2014-09-08T04:00:27.885Z
845,2014-09-08T04:00:27.918Z
846,2014-09-08T04:00:27.951Z
847,2014-09-08T04:00:27.984Z
848,2014-09-08T04:00:28.017Z
849,2014-09-08T04:00:28.050Z
850,2014-09-08T04:00:28.083Z
851,2014-09-08T04:00:28.116Z
852,2014-09-08T04:00:28.149Z
853,2014-09-08T04:00:28.182Z
854,2014-09-08T04:00:28.215Z
855,2014-09-08T04:00:28.248Z
856,2014-09-08T04:00:28.281Z
857,2014-09-08T04:00:28.314Z
858,2014-09-08T04:00:28.347Z
859,2014-09-08T04:00:28.380Z
860,2014-09-08T04:00:28.413Z
861,2014-09-08T04:00:28.446Z
862,2014-09-08T04:00:28.479Z
863,2014-09-08T04:00:28.512Z
864,2014-09-08T04:00:28.545Z
865,2014-09-08T04:00:28.578Z
866,2014-09-08T04:00:28.611Z
867,2014-09-08T04:00:28.644Z
868,2014-09-08T04:00:28.677Z
869,2014-09-08T04:00:28.710Z
870,2014-09-08T04:00:28.743Z
871,2014-09-08T04:00:28.776Z
872,2014-09-08T04:00:28.809Z
873,2014-09-08T04:00:28.842Z
874,2014-09-08T04:00:28.875Z
875,2014-09-08T04:00:28.908Z
876,2014-09-08T04:00:28.941Z
877,2014-09-08T04:00:28.974Z
878,2014-09-08T04:00:29.007Z
879,2014-09-08T04:00:29.040Z
880,2014-09-08T04:00:29.073Z
881,2014-09-08T04:00:29.106Z
882,2014-09-08T04:00:29.139Z
883,2014-09-08T04:00:29.172Z
884,2014-09-08T04:00:29.205Z
885,2014-09-08T04:00:29.238Z
886,2014-09-08T04:00:29.271Z
887,2014-09-08T04:00:29.304Z
888,2014-09-08T04:00:29.337Z
889,2014-09-08T04:00:29.370Z
890,2014-09-08T04:00:29.403Z
891,2014-09-08T04:00:29.436Z
892,2014-09-08T04:00:29.469Z
893,2014-09-08T04:00:29.502Z
894,2014-09-08T04:00:29.535Z
895,2014-09-08T04:00:29.568Z
896,2014-09-08T04:00:29.601Z
897,2014-09-08T04:00:29.634Z
898,2014-09-08T04:00:29.667Z
899,2014-09-08T04:00:29.700Z
900,2014-09-08T04:00:29.733Z
901,2014-09-08T04:00:29.766Z
902,2014-09-08T04:00:29.799Z
903,2014-09-08T04:00:29.832Z
904,2014-09-08T04:00:29.865Z
905,2014-09-08T04:00:29.898Z
906,2014-09-08T04:00:29.931Z
907,2014-09-08T04:00:29.964Z
908,2014-09-08T04:00:29.997Z
909,2014-09-08T04:00:30.030Z
910,2014-09-08T04:00:30.063Z
911,2014-09-08T04:00:30.096Z
912,2014-09-08T04:00:30.129Z
913,2014-09-08T04:00:30.162Z
914,2014-09-08T04:00:30.195Z
915,2014-09-08T04:00:30.228Z
916,2014-09-08T04:00:30.261Z
917,2014-09-08T04:00:30.294Z
918,2014-09-08T04:00:30.327Z
919,2014-09-08T04:00:30.360Z
920,2014-09-08T04:00:30.393Z
921,2014-09-08T04:00:30.426Z
922,2014-09-08T04:00:30.459Z
923,2014-09-08T04:00:30.492Z
924,2014-09-08T04:00:30.525Z
925,2014-09-08T04:00:30.558Z
926,2014-09-08T04:00:30.591Z
927,2014-09-08T04:00:30.624Z
928,2014-09-08T04:00:30.657Z
929,2014-09-08T04:00:30.690Z
930,2014-09-08T04:00:30.723Z
931,2014-09-08T04:00:30.756Z
932,2014-09-08T04:00:30.789Z
933,2014-09-08T04:00:30.822Z
934,2014-09-08T04:00:30.855Z
935,2014-09-08T04:00:30.888Z
936,2014-09-08T04:00:30.921Z
937,2014-09-08T04:00:30.954Z
938,2014-09-08T04:00:30.987Z
939,2014-09-08T04:00:31.020Z
940,2014-09-08T04:00:31.053Z
941,2014-09-08T04:00:31.086Z
942,2014-09-08T04:00:31.119Z
943,2014-09-08T04:00:31.152Z
944,2014-09-08T04:00:31.185Z
945,2014-09-08T04:00:31.218Z
946,2014-09-08T04:00:31.251Z
947,2014-09-08T04:00:31.284Z
948,2014-09-08T04:00:31.317Z
949,2014-09-08T04:00:31.350Z
950,2014-09-08T04:00:31.383Z
951,2014-09-08T04:00:31.416Z
952,2014-09-08T04:00:31.449Z
953,2014-09-08T04:00:31.482Z
954,2014-09-08T04:00:31.515Z
955,2014-09-08T04:00:31.548Z
956,2014-09-08T04:00:31.581Z
957,2014-09-08T04:00:31.614Z
958,2014-09-08T04:00:31.647Z
959,2014-09-08T04:00:31.680Z
960,2014-09-08T04:00:31.713Z
961,2014-09-08T04:00:31.746Z
962,2014-09-08T04:00:31.779Z
963,2014-09-08T04:00:31.812Z
964,2014-09-08T04:00:31.845Z
965,2014-09-08T04:00:31.878Z
966,2014-09-08T04:00:31.911Z
967,2014-09-08T04:00:31.944Z
968,2014-09-08T04:00:31.977Z
969,2014-09-08T04:00:32.010Z
970,2014-09-08T04:00:32.043Z
971,2014-09-08T04:00:32.076Z
972,2014-09-08T04:00:32.109Z
973,2014-09-08T04:00:32.142Z
974,2014-09-08T04:00:32.175Z
975,2014-09-08T04:00:32.208Z
976,2014-09-08T04:00:32.241Z
977,2014-09-08T04:00:32.274Z
978,2014-09-08T04:00:32.307Z
979,2014-09-08T04:00:32.340Z
980,2014-09-08T04:00:32.373Z
981,2014-09-08T04:00:32.406Z
982,2014-09-08T04:00:32.439Z
983,2014-09-08T04:00:32.472Z
984,2014-09-08T04:00:32.505Z
985,2014-09-08T04:00:32.538Z
986,2014-09-08T04:00:32.571Z
987,2014-09-08T04:00:32.604Z
988,2014-09-08T04:00:32.637Z
989,2014-09-08T04:00:32.670Z
990,2014-09-08T04:00:32.703Z
991,2014-09-08T04:00:32.736Z
992,2014-09-08T04:00:32.769Z
993,2014-09-08T04:00:32.802Z
994,2014-09-08T04:00:32.835Z
995,2014-09-08T04:00:32.868Z
996,2014-09-08T04:00:32.901Z
997,2014-09-08T04:00:32.934Z
998,2014-09-08T04:00:32.967Z
999,2014-09-08T04:00:33.000Z
1000,2014-09-08T04:00:33.033Z
1001,2014-09-08T04:00:33.066Z
1002,2014-09-08T04:00:33.099Z
1003,2014-09-08T04:00:33.132Z
1004,2014-09-08T04:00:33.165Z
1005,2014-09-08T04:00:33.198Z
1006,2014-09-08T04:00:33.231Z
1007,2014-09-08T04:00:33.264Z
1008,2014-09-08T04:00:33.297Z
1009,2014-09-08T04:00:33.330Z
1010,2014-09-08T04:00:33.363Z
1011,2014-09-08T04:00:33.396Z
1012,2014-09-08T04:00:33.429Z
1013,2014-09-08T04:00:33.462Z
1014,2014-09-08T04:00:33.495Z
1015,2014-09-08T04:00:33.528Z
1016,2014-09-08T04:00:33.561Z
1017,2014-09-08T04:00:33.594Z
1018,2014-09-08T04:00:33.627Z
1019,2014-09-08T04:00:33.660Z
1020,2014-09-08T04:00:33.693Z
1021,2014-09-08T04:00:33.726Z
1022,2014-09-08T04:00:33.759Z
1023,2014-09-08T04:00:33.792Z
1024,2014-09-08T04:00:33.825Z
1025,2014-09-08T04:00:33.858Z
1026,2014-09-08T04:00:33.891Z
1027,2014-09-08T04:00:33.924Z
1028,2014-09-08T04:00:33.957Z
1029,2014-09-08T04:00:33.990Z
1030,2014-09-08T04:00:34.023Z
1031,2014-09-08T04:00:34.056Z
1032,2014-09-08T04:00:34.089Z
1033,2014-09-08T04:00:34.122Z
1034,2014-09-08T04:00:34.155Z
1035,2014-09-08T04:00:34.188Z
1036,2014-09-08T04:00:34.221Z
1037,2014-09-08T04:00:34.254Z
1038,2014-09-08T04:00:34.287Z
1039,2014-09-08T04:00:34.320Z
1040,2014-09-08T04:00:34.353Z
1041,2014-09-08T04:00:34.386Z
1042,2014-09-08T04:00:34.419Z
1043,2014-09-08T04:00:34.452Z
1044,2014-09-08T04:00:34.485Z
1045,2014-09-08T04:00:34.518Z
1046,2014-09-08T04:00:34.551Z
1047,2014-09-08T04:00:34.584Z
1048,2014-09-08T04:00:34.617Z
1049,2014-09-08T04:00:34.650Z
1050,2014-09-08T04:00:34.683Z
1051,2014-09-08T04:00:34.716Z
1052,2014-09-08T04:00:34.749Z
1053,2014-09-08T04:00:34.782Z
1054,2014-09-08T04:00:34.815Z
1055,2014-09-08T04:00:34.848Z
1056,2014-09-08T04:00:34.881Z
1057,2014-09-08T04:00:34.914Z
1058,2014-09-08T04:00:34.947Z
1059,2014-09-08T04:00:34.980Z
1060,2014-09-08T04:00:35.013Z
1061,2014-09-08T04:00:35.046Z
1062,2014-09-08T04:00:35.079Z
1063,2014-09-08T04:00:35.112Z
1064,2014-09-08T04:00:35.145Z
1065,2014-09-08T04:00:35.178Z
1066,2014-09-08T04:00:35.211Z
1067,2014-09-08T04:00:35.244Z
1068,2014-09-08T04:00:35.277Z
1069,2014-09-08T04:00:35.310Z
1070,2014-09-08T04:00:35.343Z
1071,2014-09-08T04:00:35.376Z
1072,2014-09-08T04:00:35.409Z
1073,2014-09-08T04:00:35.442Z
1074,2014-09-08T04:00:35.475Z
1075,2014-09-08T04:00:35.508Z
1076,2014-09-08T04:00:35.541Z
1077,2014-09-08T04:00:35.574Z
1078,2014-09-08T04:00:35.607Z
1079,2014-09-08T04:00:35.640Z
1080,2014-09-08T04:00:35.673Z
1081,2014-09-08T04:00:35.706Z
1082,2014-09-08T04:00:35.739Z
1083,2014-09-08T04:00:35.772Z
1084,2014-09-08T04:00:35.805Z
1085,2014-09-08T04:00:35.838Z
1086,2014-09-08T04:00:35.871Z
1087,2014-09-08T04:00:35.904Z
1088,2014-09-08T04:00:35.937Z
1089,2014-09-08T04:00:35.970Z
1090,2014-09-08T04:00:36.003Z
1091,2014-09-08T04:00:36.036Z
1092,2014-09-08T04:00:36.069Z
1093,2014-09-08T04:00:36.102Z
1094,2014-09-08T04:00:36.135Z
1095,2014-09-08T04:00:36.168Z
1096,2014-09-08T04:00:36.201Z
1097,2014-09-08T04:00:36.234Z
1098,2014-09-08T04:00:36.267Z
1099,2014-09-08T04:00:36.300Z
1100,2014-09-08T04:00:36.333Z
1101,2014-09-08T04:00:36.366Z
1102,2014-09-08T04:00:36.399Z
1103,2014-09-08T04:00:36.432Z
1104,2014-09-08T04:00:36.465Z
1105,2014-09-08T04:00:36.498Z
1106,2014-09-08T04:00:36.531Z
1107,2014-09-08T04:00:36.564Z
1108,2014-09-08T04:00:36.597Z
1109,2014-09-08T04:00:36.630Z
1110,2014-09-08T04:00:36.663Z
1111,2014-09-08T04:00:36.696Z
1112,2014-09-08T04:00:36.729Z
1113,2014-09-08T04:00:36.762Z
1114,2014-09-08T04:00:36.795Z
1115,2014-09-08T04:00:36.828Z
1116,2014-09-08T04:00:36.861Z
1117,2014-09-08T04:00:36.894Z
1118,2014-09-08T04:00:36.927Z
1119,2014-09-08T04:00:36.960Z
1120,2014-09-08T04:00:36.993Z
1121,2014-09-08T04:00:37.026Z
1122,2014-09-08T04:00:37.059Z
1123,2014-09-08T04:00:37.092Z
1124,2014-09-08T04:00:37.125Z
1125,2014-09-08T04:00:37.158Z
1126,2014-09-08T04:00:37.191Z
1127,2014-09-08T04:00:37.224Z
1128,2014-09-08T04:00:37.257Z
1129,2014-09-08T04:00:37.290Z
1130,2014-09-08T04:00:37.323Z
1131,2014-09-08T04:00:37.356Z
1132,2014-09-08T04:00:37.389Z
1133,2014-09-08T04:00:37.422Z
1134,2014-09-08T04:00:37.455Z
1135,2014-09-08T04:00:37.488Z
1136,2014-09-08T04:00:37.521Z
1137,2014-09-08T04:00:37.554Z
1138,2014-09-08T04:00:37.587Z
1139,2014-09-08T04:00:37.620Z
1140,2014-09-08T04:00:37.653Z
1141,2014-09-08T04:00:37.686Z
1142,2014-09-08T04:00:37.719Z
1143,2014-09-08T04:00:37.752Z
1144,2014-09-08T04:00:37.785Z
1145,2014-09-08T04:00:37.818Z
1146,2014-09-08T04:00:37.851Z
1147,2014-09-08T04:00:37.884Z
1148,2014-09-08T04:00:37.917Z
1149,2014-09-08T04:00:37.950Z
1150,2014-09-08T04:00:37.983Z
1151,2014-09-08T04:00:38.016Z
1152,2014-09-08T04:00:38.049Z
1153,2014-09-08T04:00:38.082Z
1154,2014-09-08T04:00:38.115Z
1155,2014-09-08T04:00:38.148Z
1156,2014-09-08T04:00:38.181Z
1157,2014-09-08T04:00:38.214Z
1158,2014-09-08T04:00:38.247Z
1159,2014-09-08T04:00:38.280Z
1160,2014-09-08T04:00:38.313Z
1161,2014-09-08T04:00:38.346Z
1162,2014-09-08T04:00:38.379Z
1163,2014-09-08T04:00:38.412Z
1164,2014-09-08T04:00:38.445Z
1165,2014-09-08T04:00:38.478Z
1166,2014-09-08T04:00:38.511Z
1167,2014-09-08T04:00:38.544Z
1168,2014-09-08T04:00:38.577Z
1169,2014-09-08T04:00:38.610Z
1170,2014-09-08T04:00:38.643Z
1171,2014-09-08T04:00:38.676Z
1172,2014-09-08T04:00:38.709Z
1173,2014-09-08T04:00:38.742Z
1174,2014-09-08T04:00:38.775Z
1175,2014-09-08T04:00:38.808Z
1176,2014-09-08T04:00:38.841Z
1177,2014-09-08T04:00:38.874Z
1178,2014-09-08T04:00:38.907Z
1179,2014-09-08T04:00:38.940Z
1180,2014-09-08T04:00:38.973Z
1181,2014-09-08T04:00:39.006Z
1182,2014-09-08T04:00:39.039Z
1183,2014-09-08T04:00:39.072Z
1184,2014-09-08T04:00:39.105Z
1185,2014-09-08T04:00:39.138Z
1186,2014-09-08T04:00:39.171Z
1187,2014-09-08T04:00:39.204Z
1188,2014-09-08T04:00:39.237Z
1189,2014-09-08T04:00:39.270Z
1190,2014-09-08T04:00:39.303Z
1191,2014-09-08T04:00:39.336Z
1192,2014-09-08T04:00:39.369Z
1193,2014-09-08T04:00:39.402Z
1194,2014-09-08T04:00:39.435Z
1195,2014-09-08T04:00:39.468Z
1196,2014-09-08T04:00:39.501Z
1197,2014-09-08T04:00:39.534Z
1198,2014-09-08T04:00:39.567Z
1199,2014-09-08T04:00:39.600Z
1200,2014-09-08T04:00:39.633Z
1201,2014-09-08T04:00:39.666Z
1202,2014-09-08T04:00:39.699Z
1203,2014-09-08T04:00:39.732Z
1204,2014-09-08T04:00:39.765Z
1205,2014-09-08T04:00:39.798Z
1206,2014-09-08T04:00:39.831Z
1207,2014-09-08T04:00:39.864Z
1208,2014-09-08T04:00:39.897Z
1209,2014-09-08T04:00:39.930Z
1210,2014-09-08T04:00:39.963Z
1211,2014-09-08T04:00:39.996Z
1212,2014-09-08T04:00:40.029Z
1213,2014-09-08T04:00:40.062Z
1214,2014-09-08T04:00:40.095Z
1215,2014-09-08T04:00:40.128Z
1216,2014-09-08T04:00:40.161Z
1217,2014-09-08T04:00:40.194Z
1218,2014-09-08T04:00:40.227Z
1219,2014-09-08T04:00:40.260Z
1220,2014-09-08T04:00:40.293Z
1221,2014-09-08T04:00:40.326Z
1222,2014-09-08T04:00:40.359Z
1223,2014-09-08T04:00:40.392Z
1224,2014-09-08T04:00:40.425Z
1225,2014-09-08T04:00:40.458Z
1226,2014-09-08T04:00:40.491Z
1227,2014-09-08T04:00:40.524Z
1228,2014-09-08T04:00:40.557Z
1229,2014-09-08T04:00:40.590Z
1230,2014-09-08T04:00:40.623Z
1231,2014-09-08T04:00:40.656Z
1232,2014-09-08T04:00:40.689Z
1233,2014-09-08T04:00:40.722Z
1234,2014-09-08T04:00:40.755Z
1235,2014-09-08T04:00:40.788Z
1236,2014-09-08T04:00:40.821Z
1237,2014-09-08T04:00:40.854Z
1238,2014-09-08T04:00:40.887Z
1239,2014-09-08T04:00:40.920Z
1240,2014-09-08T04:00:40.953Z
1241,2014-09-08T04:00:40.986Z
1242,2014-09-08T04:00:41.019Z
1243,2014-09-08T04:00:41.052Z
1244,2014-09-08T04:00:41.085Z
1245,2014-09-08T04:00:41.118Z
1246,2014-09-08T04:00:41.151Z
1247,2014-09-08T04:00:41.184Z
1248,2014-09-08T04:00:41.217Z
1249,2014-09-08T04:00:41.250Z
1250,2014-09-08T04:00:41.283Z
1251,2014-09-08T04:00:41.316Z
1252,2014-09-08T04:00:41.349Z
1253,2014-09-08T04:00:41.382Z
1254,2014-09-08T04:00:41.415Z
1255,2014-09-08T04:00:41.448Z
1256,2014-09-08T04:00:41.481Z
1257,2014-09-08T04:00:41.514Z
1258,2014-09-08T04:00:41.547Z
1259,2014-09-08T04:00:41.580Z
1260,2014-09-08T04:00:41.613Z
1261,2014-09-08T04:00:41.646Z
1262,2014-09-08T04:00:41.679Z
1263,2014-09-08T04:00:41.712Z
1264,2014-09-08T04:00:41.745Z
1265,2014-09-08T04:00:41.778Z
1266,2014-09-08T04:00:41.811Z
1267,2014-09-08T04:00:41.844Z
1268,2014-09-08T04:00:41.877Z
1269,2014-09-08T04:00:41.910Z
1270,2014-09-08T04:00:41.943Z
1271,2014-09-08T04:00:41.976Z
1272,2014-09-08T04:00:42.009Z
1273,2014-09-08T04:00:42.042Z
1274,2014-09-08T04:00:42.075Z
1275,2014-09-08T04:00:42.108Z
1276,2014-09-08T04:00:42.141Z
1277,2014-09-08T04:00:42.174Z
1278,2014-09-08T04:00:42.207Z
1279,2014-09-08T04:00:42.240Z
1280,2014-09-08T04:00:42.273Z
1281,2014-09-08T04:00:42.306Z
1282,2014-09-08T04:00:42.339Z
1283,2014-09-08T04:00:42.372Z
1284,2014-09-08T04:00:42.405Z
1285,2014-09-08T04:00:42.438Z
1286,2014-09-08T04:00:42.471Z
1287,2014-09-08T04:00:42.504Z
1288,2014-09-08T04:00:42.537Z
1289,2014-09-08T04:00:42.570Z
1290,2014-09-08T04:00:42.603Z
1291,2014-09-08T04:00:42.636Z
1292,2014-09-08T04:00:42.669Z
1293,2014-09-08T04:00:42.702Z
1294,2014-09-08T04:00:42.735Z
1295,2014-09-08T04:00:42.768Z
1296,2014-09-08T04:00:42.801Z
1297,2014-09-08T04:00:42.834Z
1298,2014-09-08T04:00:42.867Z
1299,2014-09-08T04:00:42.900Z
1300,2014-09-08T04:00:42.933Z
1301,2014-09-08T04:00:42.966Z
1302,2014-09-08T04:00:42.999Z
1303,2014-09-08T04:00:43.032Z
1304,2014-09-08T04:00:43.065Z
1305,2014-09-08T04:00:43.098Z
1306,2014-09-08T04:00:43.131Z
1307,2014-09-08T04:00:43.164Z
1308,2014-09-08T04:00:43.197Z
1309,2014-09-08T04:00:43.230Z
1310,2014-09-08T04:00:43.263Z
1311,2014-09-08T04:00:43.296Z
1312,2014-09-08T04:00:43.329Z
1313,2014-09-08T04:00:43.362Z
1314,2014-09-08T04:00:43.395Z
1315,2014-09-08T04:00:43.428Z
1316,2014-09-08T04:00:43.461Z
1317,2014-09-08T04:00:43.494Z
1318,2014-09-08T04:00:43.527Z
1319,2014-09-08T04:00:43.560Z
1320,2014-09-08T04:00:43.593Z
1321,2014-09-08T04:00:43.626Z
1322,2014-09-08T04:00:43.659Z
1323,2014-09-08T04:00:43.692Z
1324,2014-09-08T04:00:43.725Z
1325,2014-09-08T04:00:43.758Z
1326,2014-09-08T04:00:43.791Z
1327,2014-09-08T04:00:43.824Z
1328,2014-09-08T04:00:43.857Z
1329,2014-09-08T04:00:43.890Z
1330,2014-09-08T04:00:43.923Z
1331,2014-09-08T04:00:43.956Z
1332,2014-09-08T04:00:43.989Z
1333,2014-09-08T04:00:44.022Z
1334,2014-09-08T04:00:44.055Z
1335,2014-09-08T04:00:44.088Z
1336,2014-09-08T04:00:44.121Z
1337,2014-09-08T04:00:44.154Z
1338,2014-09-08T04:00:44.187Z
1339,2014-09-08T04:00:44.220Z
1340,2014-09-08T04:00:44.253Z
1341,2014-09-08T04:00:44.286Z
1342,2014-09-08T04:00:44.319Z
1343,2014-09-08T04:00:44.352Z
1344,2014-09-08T04:00:44.385Z
1345,2014-09-08T04:00:44.418Z
1346,2014-09-08T04:00:44.451Z
1347,2014-09-08T04:00:44.484Z
1348,2014-09-08T04:00:44.517Z
1349,2014-09-08T04:00:44.550Z
1350,2014-09-08T04:00:44.583Z
1351,2014-09-08T04:00:44.616Z
1352,2014-09-08T04:00:44.649Z
1353,2014-09-08T04:00:44.682Z
1354,2014-09-08T04:00:44.715Z
1355,2014-09-08T04:00:44.748Z
1356,2014-09-08T04:00:44.781Z
1357,2014-09-08T04:00:44.814Z
1358,2014-09-08T04:00:44.847Z
1359,2014-09-08T04:00:44.880Z
1360,2014-09-08T04:00:44.913Z
1361,2014-09-08T04:00:44.946Z
1362,2014-09-08T04:00:44.979Z
1363,2014-09-08T04:00:45.012Z
1364,2014-09-08T04:00:45.045Z
1365,2014-09-08T04:00:45.078Z
1366,2014-09-08T04:00:45.111Z
1367,2014-09-08T04:00:45.144Z
1368,2014-09-08T04:00:45.177Z
1369,2014-09-08T04:00:45.210Z
1370,2014-09-08T04:00:45.243Z
1371,2014-09-08T04:00:45.276Z
1372,2014-09-08T04:00:45.309Z
1373,2014-09-08T04:00:45.342Z
1374,2014-09-08T04:00:45.375Z
1375,2014-09-08T04:00:45.408Z
1376,2014-09-08T04:00:45.441Z
1377,2014-09-08T04:00:45.474Z
1378,2014-09-08T04:00:45.507Z
1379,2014-09-08T04:00:45.540Z
1380,2014-09-08T04:00:45.573Z
1381,2014-09-08T04:00:45.606Z
1382,2014-09-08T04:00:45.639Z
1383,2014-09-08T04:00:45.672Z
1384,2014-09-08T04:00:45.705Z
1385,2014-09-08T04:00:45.738Z
1386,2014-09-08T04:00:45.771Z
1387,2014-09-08T04:00:45.804Z
1388,2014-09-08T04:00:45.837Z
1389,2014-09-08T04:00:45.870Z
1390,2014-09-08T04:00:45.903Z
1391,2014-09-08T04:00:45.936Z
1392,2014-09-08T04:00:45.969Z
1393,2014-09-08T04:00:46.002Z
1394,2014-09-08T04:00:46.035Z
1395,2014-09-08T04:00:46.068Z
1396,2014-09-08T04:00:46.101Z
1397,2014-09-08T04:00:46.134Z
1398,2014-09-08T04:00:46.167Z
1399,2014-09-08T04:00:46.200Z
1400,2014-09-08T04:00:46.233Z
1401,2014-09-08T04:00:46.266Z
1402,2014-09-08T04:00:46.299Z
1403,2014-09-08T04:00:46.332Z
1404,2014-09-08T04:00:46.365Z
1405,2014-09-08T04:00:46.398Z
1406,2014-09-08T04:00:46.431Z
1407,2014-09-08T04:00:46.464Z
1408,2014-09-08T04:00:46.497Z
1409,2014-09-08T04:00:46.530Z
1410,2014-09-08T04:00:46.563Z
1411,2014-09-08T04:00:46.596Z
1412,2014-09-08T04:00:46.629Z
1413,2014-09-08T04:00:46.662Z
1414,2014-09-08T04:00:46.695Z
1415,2014-09-08T04:00:46.728Z
1416,2014-09-08T04:00:46.761Z
1417,2014-09-08T04:00:46.794Z
1418,2014-09-08T04:00:46.827Z
1419,2014-09-08T04:00:46.860Z
1420,2014-09-08T04:00:46.893Z
1421,2014-09-08T04:00:46.926Z
1422,2014-09-08T04:00:46.959Z
1423,2014-09-08T04:00:46.992Z
1424,2014-09-08T04:00:47.025Z
1425,2014-09-08T04:00:47.058Z
1426,2014-09-08T04:00:47.091Z
1427,2014-09-08T04:00:47.124Z
1428,2014-09-08T04:00:47.157Z
1429,2014-09-08T04:00:47.190Z
1430,2014-09-08T04:00:47.223Z
1431,2014-09-08T04:00:47.256Z
1432,2014-09-08T04:00:47.289Z
1433,2014-09-08T04:00:47.322Z
1434,2014-09-08T04:00:47.355Z
1435,2014-09-08T04:00:47.388Z
1436,2014-09-08T04:00:47.421Z
1437,2014-09-08T04:00:47.454Z
1438,2014-09-08T04:00:47.487Z
1439,2014-09-08T04:00:47.520Z
1440,2014-09-08T04:00:47.553Z
1441,2014-09-08T04:00:47.586Z
1442,2014-09-08T04:00:47.619Z
1443,2014-09-08T04:00:47.652Z
1444,2014-09-08T04:00:47.685Z
1445,2014-09-08T04:00:47.718Z
1446,2014-09-08T04:00:47.751Z
1447,2014-09-08T04:00:47.784Z
1448,2014-09-08T04:00:47.817Z
1449,2014-09-08T04:00:47.850Z
1450,2014-09-08T04:00:47.883Z
1451,2014-09-08T04:00:47.916Z
1452,2014-09-08T04:00:47.949Z
1453,2014-09-08T04:00:47.982Z
1454,2014-09-08T04:00:48.015Z
1455,2014-09-08T04:00:48.048Z
1456,2014-09-08T04:00:48.081Z
1457,2014-09-08T04:00:48.114Z
1458,2014-09-08T04:00:48.147Z
1459,2014-09-08T04:00:48.180Z
1460,2014-09-08T04:00:48.213Z
1461,2014-09-08T04:00:48.246Z
1462,2014-09-08T04:00:48.279Z
1463,2014-09-08T04:00:48.312Z
1464,2014-09-08T04:00:48.345Z
1465,2014-09-08T04:00:48.378Z
1466,2014-09-08T04:00:48.411Z
1467,2014-09-08T04:00:48.444Z
1468,2014-09-08T04:00:48.477Z
1469,2014-09-08T04:00:48.510Z
1470,2014-09-08T04:00:48.543Z
1471,2014-09-08T04:00:48.576Z
1472,2014-09-08T04:00:48.609Z
1473,2014-09-08T04:00:48.642Z
1474,2014-09-08T04:00:48.675Z
1475,2014-09-08T04:00:48.708Z
1476,2014-09-08T04:00:48.741Z
1477,2014-09-08T04:00:48.774Z
1478,2014-09-08T04:00:48.807Z
1479,2014-09-08T04:00:48.840Z
1480,2014-09-08T04:00:48.873Z
1481,2014-09-08T04:00:48.906Z
1482,2014-09-08T04:00:48.939Z
1483,2014-09-08T04:00:48.972Z
1484,2014-09-08T04:00:49.005Z
1485,2014-09-08T04:00:49.038Z
1486,2014-09-08T04:00:49.071Z
1487,2014-09-08T04:00:49.104Z
1488,2014-09-08T04:00:49.137Z
1489,2014-09-08T04:00:49.170Z
1490,2014-09-08T04:00:49.203Z
1491,2014-09-08T04:00:49.236Z
1492,2014-09-08T04:00:49.269Z
1493,2014-09-08T04:00:49.302Z
1494,2014-09-08T04:00:49.335Z
1495,2014-09-08T04:00:49.368Z
1496,2014-09-08T04:00:49.401Z
1497,2014-09-08T04:00:49.434Z
1498,2014-09-08T04:00:49.467Z
1499,2014-09-08T04:00:49.500Z
1500,2014-09-08T04:00:49.533Z
1501,2014-09-08T04:00:49.566Z
1502,2014-09-08T04:00:49.599Z
1503,2014-09-08T04:00:49.632Z
1504,2014-09-08T04:00:49.665Z
1505,2014-09-08T04:00:49.698Z
1506,2014-09-08T04:00:49.731Z
1507,2014-09-08T04:00:49.764Z
1508,2014-09-08T04:00:49.797Z
1509,2014-09-08T04:00:49.830Z
1510,2014-09-08T04:00:49.863Z
1511,2014-09-08T04:00:49.896Z
1512,2014-09-08T04:00:49.929Z
1513,2014-09-08T04:00:49.962Z
1514,2014-09-08T04:00:49.995Z
1515,2014-09-08T04:00:50.028Z
1516,2014-09-08T04:00:50.061Z
1517,2014-09-08T04:00:50.094Z
1518,2014-09-08T04:00:50.127Z
1519,2014-09-08T04:00:50.160Z
1520,2014-09-08T04:00:50.193Z
1521,2014-09-08T04:00:50.226Z
1522,2014-09-08T04:00:50.259Z
1523,2014-09-08T04:00:50.292Z
1524,2014-09-08T04:00:50.325Z
1525,2014-09-08T04:00:50.358Z
1526,2014-09-08T04:00:50.391Z
1527,2014-09-08T04:00:50.424Z
1528,2014-09-08T04:00:50.457Z
1529,2014-09-08T04:00:50.490Z
1530,2014-09-08T04:00:50.523Z
1531,2014-09-08T04:00:50.556Z
1532,2014-09-08T04:00:50.589Z
1533,2014-09-08T04:00:50.622Z
1534,2014-09-08T04:00:50.655Z
1535,2014-09-08T04:00:50.688Z
1536,2014-09-08T04:00:50.721Z
1537,2014-09-08T04:00:50.754Z
1538,2014-09-08T04:00:50.787Z
1539,2014-09-08T04:00:50.820Z
1540,2014-09-08T04:00:50.853Z
1541,2014-09-08T04:00:50.886Z
1542,2014-09-08T04:00:50.919Z
1543,2014-09-08T04:00:50.952Z
1544,2014-09-08T04:00:50.985Z
1545,2014-09-08T04:00:51.018Z
1546,2014-09-08T04:00:51.051Z
1547,2014-09-08T04:00:51.084Z
1548,2014-09-08T04:00:51.117Z
1549,2014-09-08T04:00:51.150Z
1550,2014-09-08T04:00:51.183Z
1551,2014-09-08T04:00:51.216Z
1552,2014-09-08T04:00:51.249Z
1553,2014-09-08T04:00:51.282Z
1554,2014-09-08T04:00:51.315Z
1555,2014-09-08T04:00:51.348Z
1556,2014-09-08T04:00:51.381Z
1557,2014-09-08T04:00:51.414Z
1558,2014-09-08T04:00:51.447Z
1559,2014-09-08T04:00:51.480Z
1560,2014-09-08T04:00:51.513Z
1561,2014-09-08T04:00:51.546Z
1562,2014-09-08T04:00:51.579Z
1563,2014-09-08T04:00:51.612Z
1564,2014-09-08T04:00:51.645Z
1565,2014-09-08T04:00:51.678Z
1566,2014-09-08T04:00:51.711Z
1567,2014-09-08T04:00:51.744Z
1568,2014-09-08T04:00:51.777Z
1569,2014-09-08T04:00:51.810Z
1570,2014-09-08T04:00:51.843Z
1571,2014-09-08T04:00:51.876Z
1572,2014-09-08T04:00:51.909Z
1573,2014-09-08T04:00:51.942Z
1574,2014-09-08T04:00:51.975Z
1575,2014-09-08T04:00:52.008Z
1576,2014-09-08T04:00:52.041Z
1577,2014-09-08T04:00:52.074Z
1578,2014-09-08T04:00:52.107Z
1579,2014-09-08T04:00:52.140Z
1580,2014-09-08T04:00:52.173Z
1581,2014-09-08T04:00:52.206Z
1582,2014-09-08T04:00:52.239Z
1583,2014-09-08T04:00:52.272Z
1584,2014-09-08T04:00:52.305Z
1585,2014-09-08T04:00:52.338Z
1586,2014-09-08T04:00:52.371Z
1587,2014-09-08T04:00:52.404Z
1588,2014-09-08T04:00:52.437Z
1589,2014-09-08T04:00:52.470Z
1590,2014-09-08T04:00:52.503Z
1591,2014-09-08T04:00:52.536Z
1592,2014-09-08T04:00:52.569Z
1593,2014-09-08T04:00:52.602Z
1594,2014-09-08T04:00:52.635Z
1595,2014-09-08T04:00:52.668Z
1596,2014-09-08T04:00:52.701Z
1597,2014-09-08T04:00:52.734Z
1598,2014-09-08T04:00:52.767Z
1599,2014-09-08T04:00:52.800Z
1600,2014-09-08T04:00:52.833Z
1601,2014-09-08T04:00:52.866Z
1602,2014-09-08T04:00:52.899Z
1603,2014-09-08T04:00:52.932Z
1604,2014-09-08T04:00:52.965Z
1605,2014-09-08T04:00:52.998Z
1606,2014-09-08T04:00:53.031Z
1607,2014-09-08T04:00:53.064Z
1608,2014-09-08T04:00:53.097Z
1609,2014-09-08T04:00:53.130Z
1610,2014-09-08T04:00:53.163Z
1611,2014-09-08T04:00:53.196Z
1612,2014-09-08T04:00:53.229Z
1613,2014-09-08T04:00:53.262Z
1614,2014-09-08T04:00:53.295Z
1615,2014-09-08T04:00:53.328Z
1616,2014-09-08T04:00:53.361Z
1617,2014-09-08T04:00:53.394Z
1618,2014-09-08T04:00:53.427Z
1619,2014-09-08T04:00:53.460Z
1620,2014-09-08T04:00:53.493Z
1621,2014-09-08T04:00:53.526Z
1622,2014-09-08T04:00:53.559Z
1623,2014-09-08T04:00:53.592Z
1624,2014-09-08T04:00:53.625Z
1625,2014-09-08T04:00:53.658Z
1626,2014-09-08T04:00:53.691Z
1627,2014-09-08T04:00:53.724Z
1628,2014-09-08T04:00:53.757Z
1629,2014-09-08T04:00:53.790Z
1630,2014-09-08T04:00:53.823Z
1631,2014-09-08T04:00:53.856Z
1632,2014-09-08T04:00:53.889Z
1633,2014-09-08T04:00:53.922Z
1634,2014-09-08T04:00:53.955Z
1635,2014-09-08T04:00:53.988Z
1636,2014-09-08T04:00:54.021Z
1637,2014-09-08T04:00:54.054Z
1638,2014-09-08T04:00:54.087Z
1639,2014-09-08T04:00:54.120Z
1640,2014-09-08T04:00:54.153Z
1641,2014-09-08T04:00:54.186Z
1642,2014-09-08T04:00:54.219Z
1643,2014-09-08T04:00:54.252Z
1644,2014-09-08T04:00:54.285Z
1645,2014-09-08T04:00:54.318Z
1646,2014-09-08T04:00:54.351Z
1647,2014-09-08T04:00:54.384Z
1648,2014-09-08T04:00:54.417Z
1649,2014-09-08T04:00:54.450Z
1650,2014-09-08T04:00:54.483Z
1651,2014-09-08T04:00:54.516Z
1652,2014-09-08T04:00:54.549Z
1653,2014-09-08T04:00:54.582Z
1654,2014-09-08T04:00:54.615Z
1655,2014-09-08T04:00:54.648Z
1656,2014-09-08T04:00:54.681Z
1657,2014-09-08T04:00:54.714Z
1658,2014-09-08T04:00:54.747Z
1659,2014-09-08T04:00:54.780Z
1660,2014-09-08T04:00:54.813Z
1661,2014-09-08T04:00:54.846Z
1662,2014-09-08T04:00:54.879Z
1663,2014-09-08T04:00:54.912Z
1664,2014-09-08T04:00:54.945Z
1665,2014-09-08T04:00:54.978Z
1666,2014-09-08T04:00:55.011Z
1667,2014-09-08T04:00:55.044Z
1668,2014-09-08T04:00:55.077Z
1669,2014-09-08T04:00:55.110Z
1670,2014-09-08T04:00:55.143Z
1671,2014-09-08T04:00:55.176Z
1672,2014-09-08T04:00:55.209Z
1673,2014-09-08T04:00:55.242Z
1674,2014-09-08T04:00:55.275Z
1675,2014-09-08T04:00:55.308Z
1676,2014-09-08T04:00:55.341Z
1677,2014-09-08T04:00:55.374Z
1678,2014-09-08T04:00:55.407Z
1679,2014-09-08T04:00:55.440Z
1680,2014-09-08T04:00:55.473Z
1681,2014-09-08T04:00:55.506Z
1682,2014-09-08T04:00:55.539Z
1683,2014-09-08T04:00:55.572Z
1684,2014-09-08T04:00:55.605Z
1685,2014-09-08T04:00:55.638Z
1686,2014-09-08T04:00:55.671Z
1687,2014-09-08T04:00:55.704Z
1688,2014-09-08T04:00:55.737Z
1689,2014-09-08T04:00:55.770Z
1690,2014-09-08T04:00:55.803Z
1691,2014-09-08T04:00:55.836Z
1692,2014-09-08T04:00:55.869Z
1693,2014-09-08T04:00:55.902Z
1694,2014-09-08T04:00:55.935Z
1695,2014-09-08T04:00:55.968Z
1696,2014-09-08T04:00:56.001Z
1697,2014-09-08T04:00:56.034Z
1698,2014-09-08T04:00:56.067Z
1699,2014-09-08T04:00:56.100Z
1700,2014-09-08T04:00:56.133Z
1701,2014-09-08T04:00:56.166Z
1702,2014-09-08T04:00:56.199Z
1703,2014-09-08T04:00:56.232Z
1704,2014-09-08T04:00:56.265Z
1705,2014-09-08T04:00:56.298Z
1706,2014-09-08T04:00:56.331Z
1707,2014-09-08T04:00:56.364Z
1708,2014-09-08T04:00:56.397Z
1709,2014-09-08T04:00:56.430Z
1710,2014-09-08T04:00:56.463Z
1711,2014-09-08T04:00:56.496Z
1712,2014-09-08T04:00:56.529Z
1713,2014-09-08T04:00:56.562Z
1714,2014-09-08T04:00:56.595Z
1715,2014-09-08T04:00:56.628Z
1716,2014-09-08T04:00:56.661Z
1717,2014-09-08T04:00:56.694Z
1718,2014-09-08T04:00:56.727Z
1719,2014-09-08T04:00:56.760Z
1720,2014-09-08T04:00:56.793Z
1721,2014-09-08T04:00:56.826Z
1722,2014-09-08T04:00:56.859Z
1723,2014-09-08T04:00:56.892Z
1724,2014-09-08T04:00:56.925Z
1725,2014-09-08T04:00:56.958Z
1726,2014-09-08T04:00:56.991Z
1727,2014-09-08T04:00:57.024Z
1728,2014-09-08T04:00:57.057Z
1729,2014-09-08T04:00:57.090Z
1730,2014-09-08T04:00:57.123Z
1731,2014-09-08T04:00:57.156Z
1732,2014-09-08T04:00:57.189Z
1733,2014-09-08T04:00:57.222Z
1734,2014-09-08T04:00:57.255Z
1735,2014-09-08T04:00:57.288Z
1736,2014-09-08T04:00:57.321Z
1737,2014-09-08T04:00:57.354Z
1738,2014-09-08T04:00:57.387Z
1739,2014-09-08T04:00:57.420Z
1740,2014-09-08T04:00:57.453Z
1741,2014-09-08T04:00:57.486Z
1742,2014-09-08T04:00:57.519Z
1743,2014-09-08T04:00:57.552Z
1744,2014-09-08T04:00:57.585Z
1745,2014-09-08T04:00:57.618Z
1746,2014-09-08T04:00:57.651Z
1747,2014-09-08T04:00:57.684Z
1748,2014-09-08T04:00:57.717Z
1749,2014-09-08T04:00:57.750Z
1750,2014-09-08T04:00:57.783Z
1751,2014-09-08T04:00:57.816Z
1752,2014-09-08T04:00:57.849Z
1753,2014-09-08T04:00:57.882Z
1754,2014-09-08T04:00:57.915Z
1755,2014-09-08T04:00:57.948Z
1756,2014-09-08T04:00:57.981Z
1757,2014-09-08T04:00:58.014Z
1758,2014-09-08T04:00:58.047Z
1759,2014-09-08T04:00:58.080Z
1760,2014-09-08T04:00:58.113Z
1761,2014-09-08T04:00:58.146Z
1762,2014-09-08T04:00:58.179Z
1763,2014-09-08T04:00:58.212Z
1764,2014-09-08T04:00:58.245Z
1765,2014-09-08T04:00:58.278Z
1766,2014-09-08T04:00:58.311Z
1767,2014-09-08T04:00:58.344Z
1768,2014-09-08T04:00:58.377Z
1769,2014-09-08T04:00:58.410Z
1770,2014-09-08T04:00:58.443Z
1771,2014-09-08T04:00:58.476Z
1772,2014-09-08T04:00:58.509Z
1773,2014-09-08T04:00:58.542Z
1774,2014-09-08T04:00:58.575Z
1775,2014-09-08T04:00:58.608Z
1776,2014-09-08T04:00:58.641Z
1777,2014-09-08T04:00:58.674Z
1778,2014-09-08T04:00:58.707Z
1779,2014-09-08T04:00:58.740Z
1780,2014-09-08T04:00:58.773Z
1781,2014-09-08T04:00:58.806Z
1782,2014-09-08T04:00:58.839Z
1783,2014-09-08T04:00:58.872Z
1784,2014-09-08T04:00:58.905Z
1785,2014-09-08T04:00:58.938Z
1786,2014-09-08T04:00:58.971Z
1787,2014-09-08T04:00:59.004Z
1788,2014-09-08T04:00:59.037Z
1789,2014-09-08T04:00:59.070Z
1790,2014-09-08T04:00:59.103Z
1791,2014-09-08T04:00:59.136Z
1792,2014-09-08T04:00:59.169Z
1793,2014-09-08T04:00:59.202Z
1794,2014-09-08T04:00:59.235Z
1795,2014-09-08T04:00:59.268Z
1796,2014-09-08T04:00:59.301Z
1797,2014-09-08T04:00:59.334Z
1798,2014-09-08T04:00:59.367Z
1799,2014-09-08T04:00:59.400Z
1800,2014-09-08T04:00:59.433Z
1801,2014-09-08T04:00:59.466Z
1802,2014-09-08T04:00:59.499Z
1803,2014-09-08T04:00:59.532Z
1804,2014-09-08T04:00:59.565Z
1805,2014-09-08T04:00:59.598Z
1806,2014-09-08T04:00:59.631Z
1807,2014-09-08T04:00:59.664Z
1808,2014-09-08T04:00:59.697Z
1809,2014-09-08T04:00:59.730Z
1810,2014-09-08T04:00:59.763Z
1811,2014-09-08T04:00:59.796Z
1812,2014-09-08T04:00:59.829Z
1813,2014-09-08T04:00:59.862Z
1814,2014-09-08T04:00:59.895Z
1815,2014-09-08T04:00:59.928Z
1816,2014-09-08T04:00:59.961Z
1817,2014-09-08T04:00:59.994Z
1818,2014-09-08T04:01:00.027Z
1819,2014-09-08T04:01:00.060Z
1820,2014-09-08T04:01:00.093Z
1821,2014-09-08T04:01:00.126Z
1822,2014-09-08T04:01:00.159Z
1823,2014-09-08T04:01:00.192Z
1824,2014-09-08T04:01:00.225Z
1825,2014-09-08T04:01:00.258Z
1826,2014-09-08T04:01:00.291Z
1827,2014-09-08T04:01:00.324Z
1828,2014-09-08T04:01:00.357Z
1829,2014-09-08T04:01:00.390Z
1830,2014-09-08T04:01:00.423Z
1831,2014-09-08T04:01:00.456Z
1832,2014-09-08T04:01:00.489Z
1833,2014-09-08T04:01:00.522Z
1834,2014-09-08T04:01:00.555Z
1835,2014-09-08T04:01:00.588Z
1836,2014-09-08T04:01:00.621Z
1837,2014-09-08T04:01:00.654Z
1838,2014-09-08T04:01:00.687Z
1839,2014-09-08T04:01:00.720Z
1840,2014-09-08T04:01:00.753Z
1841,2014-09-08T04:01:00.786Z
1842,2014-09-08T04:01:00.819Z
1843,2014-09-08T04:01:00.852Z
1844,2014-09-08T04:01:00.885Z
1845,2014-09-08T04:01:00.918Z
1846,2014-09-08T04:01:00.951Z
1847,2014-09-08T04:01:00.984Z
1848,2014-09-08T04:01:01.017Z
1849,2014-09-08T04:01:01.050Z
1850,2014-09-08T04:01:01.083Z
1851,2014-09-08T04:01:01.116Z
1852,2014-09-08T04:01:01.149Z
1853,2014-09-08T04:01:01.182Z
1854,2014-09-08T04:01:01.215Z
1855,2014-09-08T04:01:01.248Z
1856,2014-09-08T04:01:01.281Z
1857,2014-09-08T04:01:01.314Z
1858,2014-09-08T04:01:01.347Z
1859,2014-09-08T04:01:01.380Z
1860,2014-09-08T04:01:01.413Z
1861,2014-09-08T04:01:01.446Z
1862,2014-09-08T04:01:01.479Z
1863,2014-09-08T04:01:01.512Z
1864,2014-09-08T04:01:01.545Z
1865,2014-09-08T04:01:01.578Z
1866,2014-09-08T04:01:01.611Z
1867,2014-09-08T04:01:01.644Z
1868,2014-09-08T04:01:01.677Z
1869,2014-09-08T04:01:01.710Z
1870,2014-09-08T04:01:01.743Z
1871,2014-09-08T04:01:01.776Z
1872,2014-09-08T04:01:01.809Z
1873,2014-09-08T04:01:01.842Z
1874,2014-09-08T04:01:01.875Z
1875,2014-09-08T04:01:01.908Z
1876,2014-09-08T04:01:01.941Z
1877,2014-09-08T04:01:01.974Z
1878,2014-09-08T04:01:02.007Z
1879,2014-09-08T04:01:02.040Z
1880,2014-09-08T04:01:02.073Z
1881,2014-09-08T04:01:02.106Z
1882,2014-09-08T04:01:02.139Z
1883,2014-09-08T04:01:02.172Z
1884,2014-09-08T04:01:02.205Z
1885,2014-09-08T04:01:02.238Z
1886,2014-09-08T04:01:02.271Z
1887,2014-09-08T04:01:02.304Z
1888,2014-09-08T04:01:02.337Z
1889,2014-09-08T04:01:02.370Z
1890,2014-09-08T04:01:02.403Z
1891,2014-09-08T04:01:02.436Z
1892,2014-09-08T04:01:02.469Z
1893,2014-09-08T04:01:02.502Z
1894,2014-09-08T04:01:02.535Z
1895,2014-09-08T04:01:02.568Z
1896,2014-09-08T04:01:02.601Z
1897,2014-09-08T04:01:02.634Z
1898,2014-09-08T04:01:02.667Z
1899,2014-09-08T04:01:02.700Z
1900,2014-09-08T04:01:02.733Z
1901,2014-09-08T04:01:02.766Z
1902,2014-09-08T04:01:02.799Z
1903,2014-09-08T04:01:02.832Z
1904,2014-09-08T04:01:02.865Z
1905,2014-09-08T04:01:02.898Z
1906,2014-09-08T04:01:02.931Z
1907,2014-09-08T04:01:02.964Z
1908,2014-09-08T04:01:02.997Z
1909,2014-09-08T04:01:03.030Z
1910,2014-09-08T04:01:03.063Z
1911,2014-09-08T04:01:03.096Z
1912,2014-09-08T04:01:03.129Z
1913,2014-09-08T04:01:03.162Z
1914,2014-09-08T04:01:03.195Z
1915,2014-09-08T04:01:03.228Z
1916,2014-09-08T04:01:03.261Z
1917,2014-09-08T04:01:03.294Z
1918,2014-09-08T04:01:03.327Z
1919,2014-09-08T04:01:03.360Z
1920,2014-09-08T04:01:03.393Z
1921,2014-09-08T04:01:03.426Z
1922,2014-09-08T04:01:03.459Z
1923,2014-09-08T04:01:03.492Z
1924,2014-09-08T04:01:03.525Z
1925,2014-09-08T04:01:03.558Z
1926,2014-09-08T04:01:03.591Z
1927,2014-09-08T04:01:03.624Z
1928,2014-09-08T04:01:03.657Z
1929,2014-09-08T04:01:03.690Z
1930,2014-09-08T04:01:03.723Z
1931,2014-09-08T04:01:03.756Z
1932,2014-09-08T04:01:03.789Z
1933,2014-09-08T04:01:03.822Z
1934,2014-09-08T04:01:03.855Z
1935,2014-09-08T04:01:03.888Z
1936,2014-09-08T04:01:03.921Z
1937,2014-09-08T04:01:03.954Z
1938,2014-09-08T04:01:03.987Z
1939,2014-09-08T04:01:04.020Z
1940,2014-09-08T04:01:04.053Z
1941,2014-09-08T04:01:04.086Z
1942,2014-09-08T04:01:04.119Z
1943,2014-09-08T04:01:04.152Z
1944,2014-09-08T04:01:04.185Z
1945,2014-09-08T04:01:04.218Z
1946,2014-09-08T04:01:04.251Z
1947,2014-09-08T04:01:04.284Z
1948,2014-09-08T04:01:04.317Z
1949,2014-09-08T04:01:04.350Z
1950,2014-09-08T04:01:04.383Z
1951,2014-09-08T04:01:04.416Z
1952,2014-09-08T04:01:04.449Z
1953,2014-09-08T04:01:04.482Z
1954,2014-09-08T04:01:04.515Z
1955,2014-09-08T04:01:04.548Z
1956,2014-09-08T04:01:04.581Z
1957,2014-09-08T04:01:04.614Z
1958,2014-09-08T04:01:04.647Z
1959,2014-09-08T04:01:04.680Z
1960,2014-09-08T04:01:04.713Z
1961,2014-09-08T04:01:04.746Z
1962,2014-09-08T04:01:04.779Z
1963,2014-09-08T04:01:04.812Z
1964,2014-09-08T04:01:04.845Z
1965,2014-09-08T04:01:04.878Z
1966,2014-09-08T04:01:04.911Z
1967,2014-09-08T04:01:04.944Z
1968,2014-09-08T04:01:04.977Z
1969,2014-09-08T04:01:05.010Z
1970,2014-09-08T04:01:05.043Z
1971,2014-09-08T04:01:05.076Z
1972,2014-09-08T04:01:05.109Z
1973,2014-09-08T04:01:05.142Z
1974,2014-09-08T04:01:05.175Z
1975,2014-09-08T04:01:05.208Z
1976,2014-09-08T04:01:05.241Z
1977,2014-09-08T04:01:05.274Z
1978,2014-09-08T04:01:05.307Z
1979,2014-09-08T04:01:05.340Z
1980,2014-09-08T04:01:05.373Z
1981,2014-09-08T04:01:05.406Z
1982,2014-09-08T04:01:05.439Z
1983,2014-09-08T04:01:05.472Z
1984,2014-09-08T04:01:05.505Z
1985,2014-09-08T04:01:05.538Z
1986,2014-09-08T04:01:05.571Z
1987,2014-09-08T04:01:05.604Z
1988,2014-09-08T04:01:05.637Z
1989,2014-09-08T04:01:05.670Z
1990,2014-09-08T04:01:05.703Z
1991,2014-09-08T04:01:05.736Z
1992,2014-09-08T04:01:05.769Z
1993,2014-09-08T04:01:05.802Z
1994,2014-09-08T04:01:05.835Z
1995,2014-09-08T04:01:05.868Z
1996,2014-09-08T04:01:05.901Z
1997,2014-09-08T04:01:05.934Z
1998,2014-09-08T04:01:05.967Z
1999,2014-09-08T04:01:06.000Z
2000,2014-09-08T04:01:06.033Z
2001,2014-09-08T04:01:06.066Z
2002,2014-09-08T04:01:06.099Z
2003,2014-09-08T04:01:06.132Z
2004,2014-09-08T04:01:06.165Z
2005,2014-09-08T04:01:06.198Z
2006,2014-09-08T04:01:06.231Z
2007,2014-09-08T04:01:06.264Z
2008,2014-09-08T04:01:06.297Z
2009,2014-09-08T04:01:06.330Z
2010,2014-09-08T04:01:06.363Z
2011,2014-09-08T04:01:06.396Z
2012,2014-09-08T04:01:06.429Z
2013,2014-09-08T04:01:06.462Z
2014,2014-09-08T04:01:06.495Z
2015,2014-09-08T04:01:06.528Z
2016,2014-09-08T04:01:06.561Z
2017,2014-09-08T04:01:06.594Z
2018,2014-09-08T04:01:06.627Z
2019,2014-09-08T04:01:06.660Z
2020,2014-09-08T04:01:06.693Z
2021,2014-09-08T04:01:06.726Z
2022,2014-09-08T04:01:06.759Z
2023,2014-09-08T04:01:06.792Z
2024,2014-09-08T04:01:06.825Z
2025,2014-09-08T04:01:06.858Z
2026,2014-09-08T04:01:06.891Z
2027,2014-09-08T04:01:06.924Z
2028,2014-09-08T04:01:06.957Z
2029,2014-09-08T04:01:06.990Z
2030,2014-09-08T04:01:07.023Z
2031,2014-09-08T04:01:07.056Z
2032,2014-09-08T04:01:07.089Z
2033,2014-09-08T04:01:07.122Z
2034,2014-09-08T04:01:07.155Z
2035,2014-09-08T04:01:07.188Z
2036,2014-09-08T04:01:07.221Z
2037,2014-09-08T04:01:07.254Z
2038,2014-09-08T04:01:07.287Z
2039,2014-09-08T04:01:07.320Z
2040,2014-09-08T04:01:07.353Z
2041,2014-09-08T04:01:07.386Z
2042,2014-09-08T04:01:07.419Z
2043,2014-09-08T04:01:07.452Z
2044,2014-09-08T04:01:07.485Z
2045,2014-09-08T04:01:07.518Z
2046,2014-09-08T04:01:07.551Z
2047,2014-09-08T04:01:07.584Z
2048,2014-09-08T04:01:07.617Z
2049,2014-09-08T04:01:07.650Z
2050,2014-09-08T04:01:07.683Z
2051,2014-09-08T04:01:07.716Z
2052,2014-09-08T04:01:07.749Z
2053,2014-09-08T04:01:07.782Z
2054,2014-09-08T04:01:07.815Z
2055,2014-09-08T04:01:07.848Z
2056,2014-09-08T04:01:07.881Z
2057,2014-09-08T04:01:07.914Z
2058,2014-09-08T04:01:07.947Z
2059,2014-09-08T04:01:07.980Z
2060,2014-09-08T04:01:08.013Z
2061,2014-09-08T04:01:08.046Z
2062,2014-09-08T04:01:08.079Z
2063,2014-09-08T04:01:08.112Z
2064,2014-09-08T04:01:08.145Z
2065,2014-09-08T04:01:08.178Z
2066,2014-09-08T04:01:08.211Z
2067,2014-09-08T04:01:08.244Z
2068,2014-09-08T04:01:08.277Z
2069,2014-09-08T04:01:08.310Z
2070,2014-09-08T04:01:08.343Z
2071,2014-09-08T04:01:08.376Z
2072,2014-09-08T04:01:08.409Z
2073,2014-09-08T04:01:08.442Z
2074,2014-09-08T04:01:08.475Z
2075,2014-09-08T04:01:08.508Z
2076,2014-09-08T04:01:08.541Z
2077,2014-09-08T04:01:08.574Z
2078,2014-09-08T04:01:08.607Z
2079,2014-09-08T04:01:08.640Z
2080,2014-09-08T04:01:08.673Z
2081,2014-09-08T04:01:08.706Z
2082,2014-09-08T04:01:08.739Z
2083,2014-09-08T04:01:08.772Z
2084,2014-09-08T04:01:08.805Z
2085,2014-09-08T04:01:08.838Z
2086,2014-09-08T04:01:08.871Z
2087,2014-09-08T04:01:08.904Z
2088,2014-09-08T04:01:08.937Z
2089,2014-09-08T04:01:08.970Z
2090,2014-09-08T04:01:09.003Z
2091,2014-09-08T04:01:09.036Z
2092,2014-09-08T04:01:09.069Z
2093,2014-09-08T04:01:09.102Z
2094,2014-09-08T04:01:09.135Z
2095,2014-09-08T04:01:09.168Z
2096,2014-09-08T04:01:09.201Z
2097,2014-09-08T04:01:09.234Z
2098,2014-09-08T04:01:09.267Z
2099,2014-09-08T04:01:09.300Z
2100,2014-09-08T04:01:09.333Z
2101,2014-09-08T04:01:09.366Z
2102,2014-09-08T04:01:09.399Z
2103,2014-09-08T04:01:09.432Z
2104,2014-09-08T04:01:09.465Z
2105,2014-09-08T04:01:09.498Z
2106,2014-09-08T04:01:09.531Z
2107,2014-09-08T04:01:09.564Z
2108,2014-09-08T04:01:09.597Z
2109,2014-09-08T04:01:09.630Z
2110,2014-09-08T04:01:09.663Z
2111,2014-09-08T04:01:09.696Z
2112,2014-09-08T04:01:09.729Z
2113,2014-09-08T04:01:09.762Z
2114,2014-09-08T04:01:09.795Z
2115,2014-09-08T04:01:09.828Z
2116,2014-09-08T04:01:09.861Z
2117,2014-09-08T04:01:09.894Z
2118,2014-09-08T04:01:09.927Z
2119,2014-09-08T04:01:09.960Z
2120,2014-09-08T04:01:09.993Z
2121,2014-09-08T04:01:10.026Z
2122,2014-09-08T04:01:10.059Z
2123,2014-09-08T04:01:10.092Z
2124,2014-09-08T04:01:10.125Z
2125,2014-09-08T04:01:10.158Z
2126,2014-09-08T04:01:10.191Z
2127,2014-09-08T04:01:10.224Z
2128,2014-09-08T04:01:10.257Z
2129,2014-09-08T04:01:10.290Z
2130,2014-09-08T04:01:10.323Z
2131,2014-09-08T04:01:10.356Z
2132,2014-09-08T04:01:10.389Z
2133,2014-09-08T04:01:10.422Z
2134,2014-09-08T04:01:10.455Z
2135,2014-09-08T04:01:10.488Z
2136,2014-09-08T04:01:10.521Z
2137,2014-09-08T04:01:10.554Z
2138,2014-09-08T04:01:10.587Z
2139,2014-09-08T04:01:10.620Z
2140,2014-09-08T04:01:10.653Z
2141,2014-09-08T04:01:10.686Z
2142,2014-09-08T04:01:10.719Z
2143,2014-09-08T04:01:10.752Z
2144,2014-09-08T04:01:10.785Z
2145,2014-09-08T04:01:10.818Z
2146,2014-09-08T04:01:10.851Z
2147,2014-09-08T04:01:10.884Z
2148,2014-09-08T04:01:10.917Z
2149,2014-09-08T04:01:10.950Z
2150,2014-09-08T04:01:10.983Z
2151,2014-09-08T04:01:11.016Z
2152,2014-09-08T04:01:11.049Z
2153,2014-09-08T04:01:11.082Z
2154,2014-09-08T04:01:11.115Z
2155,2014-09-08T04:01:11.148Z
2156,2014-09-08T04:01:11.181Z
2157,2014-09-08T04:01:11.214Z
2158,2014-09-08T04:01:11.247Z
2159,2014-09-08T04:01:11.280Z
2160,2014-09-08T04:01:11.313Z
2161,2014-09-08T04:01:11.346Z
2162,2014-09-08T04:01:11.379Z
2163,2014-09-08T04:01:11.412Z
2164,2014-09-08T04:01:11.445Z
2165,2014-09-08T04:01:11.478Z
2166,2014-09-08T04:01:11.511Z
2167,2014-09-08T04:01:11.544Z
2168,2014-09-08T04:01:11.577Z
2169,2014-09-08T04:01:11.610Z
2170,2014-09-08T04:01:11.643Z
2171,2014-09-08T04:01:11.676Z
2172,2014-09-08T04:01:11.709Z
2173,2014-09-08T04:01:11.742Z
2174,2014-09-08T04:01:11.775Z
2175,2014-09-08T04:01:11.808Z
2176,2014-09-08T04:01:11.841Z
2177,2014-09-08T04:01:11.874Z
2178,2014-09-08T04:01:11.907Z
2179,2014-09-08T04:01:11.940Z
2180,2014-09-08T04:01:11.973Z
2181,2014-09-08T04:01:12.006Z
2182,2014-09-08T04:01:12.039Z
2183,2014-09-08T04:01:12.072Z
2184,2014-09-08T04:01:12.105Z
2185,2014-09-08T04:01:12.138Z
2186,2014-09-08T04:01:12.171Z
2187,2014-09-08T04:01:12.204Z
2188,2014-09-08T04:01:12.237Z
2189,2014-09-08T04:01:12.270Z
2190,2014-09-08T04:01:12.303Z
2191,2014-09-08T04:01:12.336Z
2192,2014-09-08T04:01:12.369Z
2193,2014-09-08T04:01:12.402Z
2194,2014-09-08T04:01:12.435Z
2195,2014-09-08T04:01:12.468Z
2196,2014-09-08T04:01:12.501Z
2197,2014-09-08T04:01:12.534Z
2198,2014-09-08T04:01:12.567Z
2199,2014-09-08T04:01:12.600Z
2200,2014-09-08T04:01:12.633Z
2201,2014-09-08T04:01:12.666Z
2202,2014-09-08T04:01:12.699Z
2203,2014-09-08T04:01:12.732Z
2204,2014-09-08T04:01:12.765Z
2205,2014-09-08T04:01:12.798Z
2206,2014-09-08T04:01:12.831Z
2207,2014-09-08T04:01:12.864Z
2208,2014-09-08T04:01:12.897Z
2209,2014-09-08T04:01:12.930Z
2210,2014-09-08T04:01:12.963Z
2211,2014-09-08T04:01:12.996Z
2212,2014-09-08T04:01:13.029Z
2213,2014-09-08T04:01:13.062Z
2214,2014-09-08T04:01:13.095Z
2215,2014-09-08T04:01:13.128Z
2216,2014-09-08T04:01:13.161Z
2217,2014-09-08T04:01:13.194Z
2218,2014-09-08T04:01:13.227Z
2219,2014-09-08T04:01:13.260Z
2220,2014-09-08T04:01:13.293Z
2221,2014-09-08T04:01:13.326Z
2222,2014-09-08T04:01:13.359Z
2223,2014-09-08T04:01:13.392Z
2224,2014-09-08T04:01:13.425Z
2225,2014-09-08T04:01:13.458Z
2226,2014-09-08T04:01:13.491Z
2227,2014-09-08T04:01:13.524Z
2228,2014-09-08T04:01:13.557Z
2229,2014-09-08T04:01:13.590Z
2230,2014-09-08T04:01:13.623Z
2231,2014-09-08T04:01:13.656Z
2232,2014-09-08T04:01:13.689Z
2233,2014-09-08T04:01:13.722Z
2234,2014-09-08T04:01:13.755Z
2235,2014-09-08T04:01:13.788Z
2236,2014-09-08T04:01:13.821Z
2237,2014-09-08T04:01:13.854Z
2238,2014-09-08T04:01:13.887Z
2239,2014-09-08T04:01:13.920Z
2240,2014-09-08T04:01:13.953Z
2241,2014-09-08T04:01:13.986Z
2242,2014-09-08T04:01:14.019Z
2243,2014-09-08T04:01:14.052Z
2244,2014-09-08T04:01:14.085Z
2245,2014-09-08T04:01:14.118Z
2246,2014-09-08T04:01:14.151Z
2247,2014-09-08T04:01:14.184Z
2248,2014-09-08T04:01:14.217Z
2249,2014-09-08T04:01:14.250Z
2250,2014-09-08T04:01:14.283Z
2251,2014-09-08T04:01:14.316Z
2252,2014-09-08T04:01:14.349Z
2253,2014-09-08T04:01:14.382Z
2254,2014-09-08T04:01:14.415Z
2255,2014-09-08T04:01:14.448Z
2256,2014-09-08T04:01:14.481Z
2257,2014-09-08T04:01:14.514Z
2258,2014-09-08T04:01:14.547Z
2259,2014-09-08T04:01:14.580Z
2260,2014-09-08T04:01:14.613Z
2261,2014-09-08T04:01:14.646Z
2262,2014-09-08T04:01:14.679Z
2263,2014-09-08T04:01:14.712Z
2264,2014-09-08T04:01:14.745Z
2265,2014-09-08T04:01:14.778Z
2266,2014-09-08T04:01:14.811Z
2267,2014-09-08T04:01:14.844Z
2268,2014-09-08T04:01:14.877Z
2269,2014-09-08T04:01:14.910Z
2270,2014-09-08T04:01:14.943Z
2271,2014-09-08T04:01:14.976Z
2272,2014-09-08T04:01:15.009Z
2273,2014-09-08T04:01:15.042Z
2274,2014-09-08T04:01:15.075Z
2275,2014-09-08T04:01:15.108Z
2276,2014-09-08T04:01:15.141Z
2277,2014-09-08T04:01:15.174Z
2278,2014-09-08T04:01:15.207Z
2279,2014-09-08T04:01:15.240Z
2280,2014-09-08T04:01:15.273Z
2281,2014-09-08T04:01:15.306Z
2282,2014-09-08T04:01:15.339Z
2283,2014-09-08T04:01:15.372Z
2284,2014-09-08T04:01:15.405Z
2285,2014-09-08T04:01:15.438Z
2286,2014-09-08T04:01:15.471Z
2287,2014-09-08T04:01:15.504Z
2288,2014-09-08T04:01:15.537Z
2289,2014-09-08T04:01:15.570Z
2290,2014-09-08T04:01:15.603Z
2291,2014-09-08T04:01:15.636Z
2292,2014-09-08T04:01:15.669Z
2293,2014-09-08T04:01:15.702Z
2294,2014-09-08T04:01:15.735Z
2295,2014-09-08T04:01:15.768Z
2296,2014-09-08T04:01:15.801Z
2297,2014-09-08T04:01:15.834Z
2298,2014-09-08T04:01:15.867Z
2299,2014-09-08T04:01:15.900Z
2300,2014-09-08T04:01:15.933Z
2301,2014-09-08T04:01:15.966Z
2302,2014-09-08T04:01:15.999Z
2303,2014-09-08T04:01:16.032Z
2304,2014-09-08T04:01:16.065Z
2305,2014-09-08T04:01:16.098Z
2306,2014-09-08T04:01:16.131Z
2307,2014-09-08T04:01:16.164Z
2308,2014-09-08T04:01:16.197Z
2309,2014-09-08T04:01:16.230Z
2310,2014-09-08T04:01:16.263Z
2311,2014-09-08T04:01:16.296Z
2312,2014-09-08T04:01:16.329Z
2313,2014-09-08T04:01:16.362Z
2314,2014-09-08T04:01:16.395Z
2315,2014-09-08T04:01:16.428Z
2316,2014-09-08T04:01:16.461Z
2317,2014-09-08T04:01:16.494Z
2318,2014-09-08T04:01:16.527Z
2319,2014-09-08T04:01:16.560Z
2320,2014-09-08T04:01:16.593Z
2321,2014-09-08T04:01:16.626Z
2322,2014-09-08T04:01:16.659Z
2323,2014-09-08T04:01:16.692Z
2324,2014-09-08T04:01:16.725Z
2325,2014-09-08T04:01:16.758Z
2326,2014-09-08T04:01:16.791Z
2327,2014-09-08T04:01:16.824Z
2328,2014-09-08T04:01:16.857Z
2329,2014-09-08T04:01:16.890Z
2330,2014-09-08T04:01:16.923Z
2331,2014-09-08T04:01:16.956Z
2332,2014-09-08T04:01:16.989Z
2333,2014-09-08T04:01:17.022Z
2334,2014-09-08T04:01:17.055Z
2335,2014-09-08T04:01:17.088Z
2336,2014-09-08T04:01:17.121Z
2337,2014-09-08T04:01:17.154Z
2338,2014-09-08T04:01:17.187Z
2339,2014-09-08T04:01:17.220Z
2340,2014-09-08T04:01:17.253Z
2341,2014-09-08T04:01:17.286Z
2342,2014-09-08T04:01:17.319Z
2343,2014-09-08T04:01:17.352Z
2344,2014-09-08T04:01:17.385Z
2345,2014-09-08T04:01:17.418Z
2346,2014-09-08T04:01:17.451Z
2347,2014-09-08T04:01:17.484Z
2348,2014-09-08T04:01:17.517Z
2349,2014-09-08T04:01:17.550Z
2350,2014-09-08T04:01:17.583Z
2351,2014-09-08T04:01:17.616Z
2352,2014-09-08T04:01:17.649Z
2353,2014-09-08T04:01:17.682Z
2354,2014-09-08T04:01:17.715Z
2355,2014-09-08T04:01:17.748Z
2356,2014-09-08T04:01:17.781Z
2357,2014-09-08T04:01:17.814Z
2358,2014-09-08T04:01:17.847Z
2359,2014-09-08T04:01:17.880Z
2360,2014-09-08T04:01:17.913Z
2361,2014-09-08T04:01:17.946Z
2362,2014-09-08T04:01:17.979Z
2363,2014-09-08T04:01:18.012Z
2364,2014-09-08T04:01:18.045Z
2365,2014-09-08T04:01:18.078Z
2366,2014-09-08T04:01:18.111Z
2367,2014-09-08T04:01:18.144Z
2368,2014-09-08T04:01:18.177Z
2369,2014-09-08T04:01:18.210Z
2370,2014-09-08T04:01:18.243Z
2371,2014-09-08T04:01:18.276Z
2372,2014-09-08T04:01:18.309Z
2373,2014-09-08T04:01:18.342Z
2374,2014-09-08T04:01:18.375Z
2375,2014-09-08T04:01:18.408Z
2376,2014-09-08T04:01:18.441Z
2377,2014-09-08T04:01:18.474Z
2378,2014-09-08T04:01:18.507Z
2379,2014-09-08T04:01:18.540Z
2380,2014-09-08T04:01:18.573Z
2381,2014-09-08T04:01:18.606Z
2382,2014-09-08T04:01:18.639Z
2383,2014-09-08T04:01:18.672Z
2384,2014-09-08T04:01:18.705Z
2385,2014-09-08T04:01:18.738Z
2386,2014-09-08T04:01:18.771Z
2387,2014-09-08T04:01:18.804Z
2388,2014-09-08T04:01:18.837Z
2389,2014-09-08T04:01:18.870Z
2390,2014-09-08T04:01:18.903Z
2391,2014-09-08T04:01:18.936Z
2392,2014-09-08T04:01:18.969Z
2393,2014-09-08T04:01:19.002Z
2394,2014-09-08T04:01:19.035Z
2395,2014-09-08T04:01:19.068Z
2396,2014-09-08T04:01:19.101Z
2397,2014-09-08T04:01:19.134Z
2398,2014-09-08T04:01:19.167Z
2399,2014-09-08T04:01:19.200Z
